antecedents,consequents,antecedent support,consequent support,support,confidence,lift,representativity,leverage,conviction,zhangs_metric,jaccard,certainty,kulczynski
"['REGENCY CAKESTAND 3 TIER', 'ROSES REGENCY TEACUP AND SAUCER ', 'PINK REGENCY TEACUP AND SAUCER']",['GREEN REGENCY TEACUP AND SAUCER'],0.012212708427219469,0.03303289770166742,0.010860748084722848,0.8892988929889298,26.921613145190115,1.0,0.010457326936586216,8.734936157428267,0.9747595778421457,0.3158584534731324,0.8855171941755303,0.6090423523607678
"['ROSES REGENCY TEACUP AND SAUCER ', 'PINK REGENCY TEACUP AND SAUCER']",['GREEN REGENCY TEACUP AND SAUCER'],0.020324470482199188,0.03303289770166742,0.017890941865705272,0.8802660753880266,26.648164001173683,1.0,0.017219565711426226,8.075965984010146,0.9824415671934836,0.5044472681067345,0.87617580336768,0.7109379490173421
"['GREEN REGENCY TEACUP AND SAUCER', 'REGENCY CAKESTAND 3 TIER', 'PINK REGENCY TEACUP AND SAUCER']",['ROSES REGENCY TEACUP AND SAUCER '],0.01234790446146913,0.037674628210905815,0.010860748084722848,0.8795620437956205,23.346270038067964,1.0,0.010395545374953213,7.990216723339757,0.9691333715529455,0.27733026467203686,0.8748469491348141,0.5839197778786716
"['REGENCY CAKESTAND 3 TIER', 'PINK REGENCY TEACUP AND SAUCER']",['GREEN REGENCY TEACUP AND SAUCER'],0.014375844975214061,0.03303289770166742,0.01234790446146913,0.8589341692789968,26.002386379673858,1.0,0.011873028645027855,6.854722347403732,0.9755665853560042,0.35218508997429304,0.8541151706343356,0.6163702224294029
"['REGENCY CAKESTAND 3 TIER', 'PINK REGENCY TEACUP AND SAUCER']",['ROSES REGENCY TEACUP AND SAUCER '],0.014375844975214061,0.037674628210905815,0.012212708427219469,0.8495297805642633,22.54912180708254,1.0,0.011671103812560661,6.395454033348354,0.9695910657611446,0.3065610859728507,0.8436389355961882,0.5868462299950503
['REGENCY TEA PLATE GREEN '],['REGENCY TEA PLATE ROSES '],0.012392969806219017,0.015322217214961695,0.010455159981973862,0.8436363636363636,55.05967914438502,1.0,0.010265272206664513,6.297357913160128,0.9941584649153863,0.6057441253263708,0.8412032452673185,0.7629946524064171
"['GREEN REGENCY TEACUP AND SAUCER', 'PINK REGENCY TEACUP AND SAUCER']",['ROSES REGENCY TEACUP AND SAUCER '],0.021225777377196935,0.037674628210905815,0.017890941865705272,0.8428874734607219,22.37281463647538,1.0,0.017091268594531923,6.125070947468425,0.9760196733106847,0.4362637362637362,0.8367365850001601,0.6588839281179207
['SET/6 RED SPOTTY PAPER CUPS'],['SET/6 RED SPOTTY PAPER PLATES'],0.01284362325371789,0.014646237043713385,0.010635421360973412,0.8280701754385965,56.53808367071525,1.0,0.01044731061029931,5.73113923352126,0.9950934118439023,0.6310160427807487,0.8255146212203273,0.7771120107962213
"['REGENCY CAKESTAND 3 TIER', 'GREEN REGENCY TEACUP AND SAUCER']",['ROSES REGENCY TEACUP AND SAUCER '],0.01726002703920685,0.037674628210905815,0.014240648940964398,0.825065274151436,21.899758891651153,1.0,0.0135903838393521,5.501053990973479,0.9710985846491053,0.34994462901439644,0.8182166541828401,0.6015278523867228
['WOODEN TREE CHRISTMAS SCANDINAVIAN'],['WOODEN STAR CHRISTMAS SCANDINAVIAN'],0.012483100495718793,0.019648490310950877,0.010229833258224425,0.8194945848375451,41.70776338886497,1.0,0.009984559179083669,5.431147363677332,0.9883614638666204,0.4670781893004115,0.8158768427666234,0.6700683933362037
"[""POPPY'S PLAYHOUSE BEDROOM ""]","[""POPPY'S PLAYHOUSE KITCHEN""]",0.014375844975214061,0.01572780531771068,0.01149166291122127,0.799373040752351,50.825466401990454,1.0,0.011265562420173514,4.905981720369534,0.9946233753892028,0.6174334140435834,0.7961671981271311,0.7650160332701583
['PINK REGENCY TEACUP AND SAUCER'],['GREEN REGENCY TEACUP AND SAUCER'],0.026633618747183417,0.03303289770166742,0.021225777377196935,0.7969543147208121,24.12607945928352,1.0,0.020345991773696014,4.762312978819287,0.9847793142109965,0.552168815943728,0.7900180008228,0.7197595584518113
"['JUMBO BAG PINK POLKADOT', 'JUMBO BAG STRAWBERRY']",['JUMBO BAG RED RETROSPOT'],0.013249211356466877,0.0740423614240649,0.010500225326723749,0.7925170068027211,10.703562009100658,1.0,0.009519222430884404,4.462812225267622,0.9187458151762291,0.1367370892018779,0.775926041804272,0.4671653810641725
"['JUMBO BAG PINK POLKADOT', 'JUMBO STORAGE BAG SUKI']",['JUMBO BAG RED RETROSPOT'],0.012798557908968004,0.0740423614240649,0.010049571879224875,0.7852112676056338,10.604892287382235,1.0,0.009101936428822243,4.311015891074844,0.9174458827137066,0.13086854460093897,0.7680361136987888,0.4604692978320317
['SMALL MARSHMALLOWS PINK BOWL'],['SMALL DOLLY MIX DESIGN ORANGE BOWL'],0.01302388463271744,0.016313654799459214,0.010184767913474538,0.7820069204152249,47.9357280773863,1.0,0.009972300755428404,4.512465932745338,0.992059198008092,0.531764705882353,0.7783916787618582,0.7031581563402092
"['ALARM CLOCK BAKELIKE PINK', 'ALARM CLOCK BAKELIKE GREEN']",['ALARM CLOCK BAKELIKE RED '],0.015502478593961243,0.040874267688147815,0.012077512392969806,0.7790697674418605,19.060152303787085,1.0,0.011443859933090453,4.341305946253648,0.9624549594789032,0.27263479145473046,0.769654566533613,0.5372746852644804
['PINK REGENCY TEACUP AND SAUCER'],['ROSES REGENCY TEACUP AND SAUCER '],0.026633618747183417,0.037674628210905815,0.020324470482199188,0.7631133671742808,20.255365571288625,1.0,0.019321058797988042,4.062387819481104,0.9766418725347493,0.46209016393442615,0.7538393564483137,0.6512935256924035
"['REGENCY CAKESTAND 3 TIER', 'ROSES REGENCY TEACUP AND SAUCER ', 'GREEN REGENCY TEACUP AND SAUCER']",['PINK REGENCY TEACUP AND SAUCER'],0.014240648940964398,0.026633618747183417,0.010860748084722848,0.7626582278481013,28.63517102529504,1.0,0.010481468070116722,4.101117019678535,0.9790197877925516,0.36186186186186187,0.7561639925899055,0.5852208228919018
['GREEN REGENCY TEACUP AND SAUCER'],['ROSES REGENCY TEACUP AND SAUCER '],0.03303289770166742,0.037674628210905815,0.025101397025687245,0.7598908594815825,20.16983034915827,1.0,0.02385689488604804,4.007866463189806,0.9828886615450432,0.550395256916996,0.7504906889527169,0.7130794010326573
"['REGENCY CAKESTAND 3 TIER', 'PINK REGENCY TEACUP AND SAUCER']","['ROSES REGENCY TEACUP AND SAUCER ', 'GREEN REGENCY TEACUP AND SAUCER']",0.014375844975214061,0.025101397025687245,0.010860748084722848,0.7554858934169278,30.097364407399695,1.0,0.01049989429242027,3.9870853121641754,0.9808754122389849,0.3795275590551182,0.7491902174881722,0.5940804691501156
"['LUNCH BAG PINK POLKADOT', 'LUNCH BAG WOODLAND']",['LUNCH BAG RED RETROSPOT'],0.014556106354213609,0.05989184317260027,0.010815682739972961,0.7430340557275542,12.40626463250145,1.0,0.00994389070100271,3.6584931886174714,0.9329760598161612,0.16997167138810199,0.7266634244089176,0.46181048158838206
['TOILET METAL SIGN'],['BATHROOM METAL SIGN'],0.013835060838215412,0.017485353762956287,0.010229833258224425,0.739413680781759,42.28760200141039,1.0,0.009987922325136206,3.770399954934655,0.9900498063288521,0.485042735042735,0.7347761479014416,0.6622326135867558
['WOODEN STAR CHRISTMAS SCANDINAVIAN'],['WOODEN HEART CHRISTMAS SCANDINAVIAN'],0.019648490310950877,0.020955385308697613,0.014420910319963948,0.7339449541284404,35.02416888625826,1.0,0.014009168634763761,3.6798573448742062,0.9909183368575895,0.5507745266781411,0.728250335194941,0.7110584985695965
['CANDLEHOLDER PINK HANGING HEART'],['WHITE HANGING HEART T-LIGHT HOLDER'],0.015682739972960793,0.09071653898152321,0.01149166291122127,0.7327586206896551,8.077453449132364,1.0,0.01006897901912708,3.4024800476820416,0.8901587335785885,0.12108262108262106,0.7060967335631386,0.42971761138804665
"['REGENCY CAKESTAND 3 TIER', 'ROSES REGENCY TEACUP AND SAUCER ']",['GREEN REGENCY TEACUP AND SAUCER'],0.01946822893195133,0.03303289770166742,0.014240648940964398,0.7314814814814815,22.1440301146986,1.0,0.013597556926222608,3.6011188637317217,0.9737992485813453,0.37220259128386335,0.722308527477004,0.5812932646152291
['GARDENERS KNEELING PAD CUP OF TEA '],['GARDENERS KNEELING PAD KEEP CALM '],0.02893195132942767,0.034565119423163586,0.021000450653447498,0.7258566978193146,20.999687255033365,1.0,0.020000414300600674,3.5216431439223235,0.9807554110157102,0.49416755037115584,0.7160416433090879,0.6667093137075712
"['LUNCH BAG WOODLAND', 'LUNCH BAG SUKI DESIGN ']",['LUNCH BAG RED RETROSPOT'],0.013970256872465074,0.05989184317260027,0.010139702568724651,0.7258064516129032,12.118619383965632,1.0,0.009302998135038033,3.42862974842934,0.9304814137720904,0.15912305516265915,0.7083382944868569,0.4475533386732688
['PAINTED METAL PEARS ASSORTED'],['ASSORTED COLOUR BIRD ORNAMENT'],0.01595313204146012,0.06241550247859396,0.011536728255971159,0.7231638418079096,11.586285667666075,1.0,0.010541005503496069,3.3867848175773236,0.9285036035675032,0.17262306136210387,0.7047347103925746,0.4540006934671317
"['REGENCY CAKESTAND 3 TIER', 'GREEN REGENCY TEACUP AND SAUCER']",['PINK REGENCY TEACUP AND SAUCER'],0.01726002703920685,0.026633618747183417,0.01234790446146913,0.7154046997389034,26.860964952971685,1.0,0.011888207481740819,3.420177284585585,0.9796805686515313,0.39142857142857146,0.7076174955880489,0.5895128405631911
['BLUE HAPPY BIRTHDAY BUNTING'],['PINK HAPPY BIRTHDAY BUNTING'],0.016133393420459666,0.016358720144209103,0.011536728255971159,0.7150837988826816,43.712698339412405,1.0,0.011272806588029434,3.452388021454639,0.9931461701859656,0.550537634408602,0.7103454206811153,0.710158979331148
"['ROSES REGENCY TEACUP AND SAUCER ', 'GREEN REGENCY TEACUP AND SAUCER']",['PINK REGENCY TEACUP AND SAUCER'],0.025101397025687245,0.026633618747183417,0.017890941865705272,0.7127468581687613,26.761172221260257,1.0,0.017222400827301435,3.3885317147363683,0.987418000370504,0.5286284953395471,0.7048869291524984,0.6922448334837038
['BAKING SET SPACEBOY DESIGN'],['BAKING SET 9 PIECE RETROSPOT '],0.01978368634520054,0.03970256872465074,0.014060387561964848,0.7107061503416856,17.900759904746884,1.0,0.01327492439521759,3.319453325432112,0.9631919369460172,0.30952380952380953,0.6987455758638136,0.5324245848189699
['SET/6 RED SPOTTY PAPER PLATES'],['SET/20 RED RETROSPOT PAPER NAPKINS '],0.014646237043713385,0.0330779630464173,0.010319963947724201,0.7046153846153846,21.301655837350662,1.0,0.009835496260023181,3.273433979269942,0.9672214472093044,0.27590361445783135,0.6945104112889348,0.5083022427164117
"['LUNCH BAG PINK POLKADOT', 'LUNCH BAG SUKI DESIGN ']",['LUNCH BAG RED RETROSPOT'],0.016313654799459214,0.05989184317260027,0.01149166291122127,0.7044198895027625,11.761532993277878,1.0,0.01051460805640012,3.180552829640362,0.9301512358654292,0.17757660167130918,0.6855892501829394,0.448146739333774
['ALARM CLOCK BAKELIKE CHOCOLATE'],['ALARM CLOCK BAKELIKE RED '],0.015096890491212258,0.040874267688147815,0.010365029292474088,0.6865671641791045,16.79705112804226,1.0,0.009747954949277625,3.060067812614004,0.9548814817025255,0.22727272727272727,0.6732098563705459,0.4700752028172259
"['LUNCH BAG PINK POLKADOT', 'LUNCH BAG SPACEBOY DESIGN ']",['LUNCH BAG RED RETROSPOT'],0.016674177557458314,0.05989184317260027,0.011401532221721496,0.6837837837837838,11.416976796209303,1.0,0.010402884994418111,2.9729916070610076,0.9278828213590897,0.17496542185338865,0.6636384718931099,0.4370762410265796
['SET OF 12 MINI LOAF BAKING CASES'],['SET OF 12 FAIRY CAKE BAKING CASES'],0.016403785488958992,0.02118071203244705,0.011131140153222172,0.6785714285714285,32.03723404255319,1.0,0.010783696296538497,3.0452155625657196,0.9849431146821511,0.42078364565587734,0.6716160220994474,0.6020516717325227
['DOLLY GIRL LUNCH BOX'],['SPACEBOY LUNCH BOX '],0.028165840468679586,0.032086525461919785,0.01910770617395223,0.6784,21.142831460674156,1.0,0.01820396221659757,3.0096812019218913,0.9803140133602227,0.4644030668127053,0.6677388956141168,0.6369528089887639
['ALARM CLOCK BAKELIKE ORANGE'],['ALARM CLOCK BAKELIKE RED '],0.01694456962595764,0.040874267688147815,0.011446597566471383,0.675531914893617,16.527070773417154,1.0,0.010754000691719532,2.955994060239806,0.9556869134825645,0.24684159378036924,0.6617043269975736,0.4777880081634568
"['ALARM CLOCK BAKELIKE PINK', 'ALARM CLOCK BAKELIKE RED ']",['ALARM CLOCK BAKELIKE GREEN'],0.018161333934204597,0.03645786390265886,0.012077512392969806,0.6650124069478908,18.240575167087385,1.0,0.011415388952105835,2.87635170997947,0.962660363670243,0.2838983050847458,0.652337370103068,0.4981427918546623
['RED HANGING HEART T-LIGHT HOLDER'],['WHITE HANGING HEART T-LIGHT HOLDER'],0.031185218566922038,0.09071653898152321,0.020730058584948176,0.6647398843930636,7.32765923233089,1.0,0.01790104348917467,2.712173082003388,0.8913269990737258,0.2048997772828508,0.6312919678189067,0.4466272695686133
['JUMBO BAG PEARS'],['JUMBO BAG APPLES'],0.02145110410094637,0.03330328977016674,0.014240648940964398,0.6638655462184874,19.933932977791926,1.0,0.013526256605200569,2.875922712933754,0.9706559263521288,0.35150166852057846,0.6522855097938667,0.5457352088331949
['ALARM CLOCK BAKELIKE GREEN'],['ALARM CLOCK BAKELIKE RED '],0.03645786390265886,0.040874267688147815,0.024155024785939613,0.6625463535228677,16.20937550680533,1.0,0.02266483629744427,2.8422443862281623,0.9738103540107794,0.45423728813559316,0.6481653707030228,0.6267527798485342
['ALARM CLOCK BAKELIKE IVORY'],['ALARM CLOCK BAKELIKE RED '],0.021631365479945923,0.040874267688147815,0.014330779630464172,0.6625,16.2082414553473,1.0,0.013446613407376703,2.841854021664747,0.9590485212448833,0.2974742750233863,0.6481170417704271,0.5065531973539139
"['LUNCH BAG PINK POLKADOT', 'LUNCH BAG  BLACK SKULL.']",['LUNCH BAG RED RETROSPOT'],0.021045515998197387,0.05989184317260027,0.013925191527715187,0.6616702355460385,11.047752089365385,1.0,0.0126647367840647,2.77867410910377,0.9290358883184527,0.20780094149293885,0.6401161270680503,0.44708793944344816
"['LUNCH BAG WOODLAND', 'LUNCH BAG  BLACK SKULL.']",['LUNCH BAG RED RETROSPOT'],0.01586300135196034,0.05989184317260027,0.010455159981973862,0.6590909090909092,11.004685683015255,1.0,0.009505095592755508,2.757650593360373,0.9237835977148344,0.1601104209799862,0.6373724784395415,0.4168291264792394
"['LUNCH BAG PINK POLKADOT', 'LUNCH BAG CARS BLUE']",['LUNCH BAG RED RETROSPOT'],0.01946822893195133,0.05989184317260027,0.01270842721946823,0.6527777777777778,10.899276816319706,1.0,0.01154243910542752,2.707511491662911,0.9262839004680108,0.1906693711967546,0.6306571539661997,0.43248369701529976
['CHARLOTTE BAG PINK POLKADOT'],['RED RETROSPOT CHARLOTTE BAG'],0.022712933753943218,0.03402433528616494,0.014691302388463272,0.6468253968253969,19.01066961000736,1.0,0.013918509915086655,2.735122106830185,0.9694162471731218,0.34941050375133975,0.634385610242853,0.5393067381477977
['ALARM CLOCK BAKELIKE PINK'],['ALARM CLOCK BAKELIKE RED '],0.028346101847679134,0.040874267688147815,0.018161333934204597,0.6406995230524642,15.674886898053122,1.0,0.01700270777936706,2.6694251576290045,0.9635155976758424,0.35569285083848196,0.6253875119360138,0.5425107317577647
['PAPER CHAIN KIT VINTAGE CHRISTMAS'],"[""PAPER CHAIN KIT 50'S CHRISTMAS ""]",0.03195132942767012,0.044614691302388466,0.02045966651644885,0.6403385049365303,14.35263780256728,1.0,0.01903416781733243,2.6563458190847316,0.9610326675330539,0.3646586345381526,0.6235429917236608,0.5494621817611944
"['LUNCH BAG CARS BLUE', 'LUNCH BAG WOODLAND']",['LUNCH BAG RED RETROSPOT'],0.01662911221270843,0.05989184317260027,0.010590356016223525,0.6368563685636857,10.63344079640947,1.0,0.00959440783548042,2.588805297532168,0.9212770832703614,0.16062884483937112,0.6137214332212351,0.4068405243871852
"['LUNCH BAG WOODLAND', 'LUNCH BAG SPACEBOY DESIGN ']",['LUNCH BAG RED RETROSPOT'],0.01843172600270392,0.05989184317260027,0.011716989634970707,0.6356968215158925,10.614080112443682,1.0,0.010613079591816425,2.5805653432376277,0.9227942137289733,0.1759133964817321,0.612488014449818,0.4156663189596016
['JUMBO BAG STRAWBERRY'],['JUMBO BAG RED RETROSPOT'],0.030058584948174854,0.0740423614240649,0.019017575484452456,0.6326836581709145,8.544887629222515,1.0,0.016791966873823738,2.5208724282863213,0.9103343210712754,0.22351694915254236,0.6033119372566601,0.44476544442325394
['JUMBO BAG VINTAGE CHRISTMAS '],"[""JUMBO BAG 50'S CHRISTMAS ""]",0.017665615141955835,0.02672374943668319,0.011131140153222172,0.6301020408163266,23.578354613346182,1.0,0.010659048680523668,2.6312020015228983,0.9748088169140801,0.3346883468834688,0.6199455612221275,0.5233140895481296
"['REGENCY CAKESTAND 3 TIER', 'GREEN REGENCY TEACUP AND SAUCER']","['ROSES REGENCY TEACUP AND SAUCER ', 'PINK REGENCY TEACUP AND SAUCER']",0.01726002703920685,0.020324470482199188,0.010860748084722848,0.6292428198433421,30.959862909808784,1.0,0.010509947174642528,2.642364280319139,0.9846959948716455,0.4064080944350759,0.6215510452331644,0.5818054453983894
"['REGENCY CAKESTAND 3 TIER', 'ROSES REGENCY TEACUP AND SAUCER ']",['PINK REGENCY TEACUP AND SAUCER'],0.01946822893195133,0.026633618747183417,0.012212708427219469,0.6273148148148149,23.55349533120261,1.0,0.011694199040162992,2.611765693796378,0.9765552577853198,0.3603723404255319,0.6171172619445688,0.542929827035157
['JUMBO BAG PINK POLKADOT'],['JUMBO BAG RED RETROSPOT'],0.039837764758900406,0.0740423614240649,0.024966200991437586,0.6266968325791855,8.464030867274575,1.0,0.022016518814832207,2.4804440984882627,0.9184416450544771,0.2807906741003548,0.5968463870605016,0.4819424515908709
['FELTCRAFT PRINCESS LOLA DOLL'],['FELTCRAFT PRINCESS CHARLOTTE DOLL'],0.017124831004957188,0.018071203244704823,0.010725552050473186,0.6263157894736842,34.658222863892895,1.0,0.010416085748851382,2.6276967800493813,0.9880673039504662,0.438305709023941,0.6194385868291822,0.6099159994749966
"['LUNCH BAG CARS BLUE', 'LUNCH BAG  BLACK SKULL.']",['LUNCH BAG RED RETROSPOT'],0.01915277151870212,0.05989184317260027,0.01185218566922037,0.6188235294117647,10.332350728101623,1.0,0.010705090881101617,2.466333127479289,0.9208534999244435,0.17639168343393696,0.5945397688340472,0.4083583410790953
"['LUNCH BAG  BLACK SKULL.', 'LUNCH BAG SUKI DESIGN ']",['LUNCH BAG RED RETROSPOT'],0.018521856692203697,0.05989184317260027,0.011446597566471383,0.6180048661800486,10.31868170092948,1.0,0.010337289430196543,2.461047467873001,0.9201309286956698,0.17092866756393002,0.5936689506991648,0.40456300494856456
"['LUNCH BAG PINK POLKADOT', 'LUNCH BAG SUKI DESIGN ']",['LUNCH BAG  BLACK SKULL.'],0.016313654799459214,0.04835511491662911,0.010049571879224875,0.6160220994475138,12.739543696868903,1.0,0.009260723226686807,2.4783845208646063,0.9367866672254586,0.18399339933993397,0.5965113598873103,0.41192530881042977
"['LUNCH BAG CARS BLUE', 'LUNCH BAG  BLACK SKULL.']",['LUNCH BAG PINK POLKADOT'],0.01915277151870212,0.04285714285714286,0.011762054979720596,0.6141176470588235,14.329411764705883,1.0,0.010941221914633361,2.4804006968641117,0.9483775227020076,0.23408071748878925,0.5968393327480246,0.4442827982928187
"['LUNCH BAG  BLACK SKULL.', 'LUNCH BAG SPACEBOY DESIGN ']",['LUNCH BAG RED RETROSPOT'],0.018882379450202793,0.05989184317260027,0.011581793600721046,0.613365155131265,10.24121353827146,1.0,0.01045089309196397,2.4315143068560525,0.9197218589609889,0.17236753856472167,0.5887336557385923,0.4033718175957303
"['LUNCH BAG PINK POLKADOT', 'LUNCH BAG SPACEBOY DESIGN ']",['LUNCH BAG  BLACK SKULL.'],0.016674177557458314,0.04835511491662911,0.010184767913474538,0.6108108108108108,12.631772499433264,1.0,0.009378486141543364,2.445198663061439,0.9364490643478826,0.1857025472473295,0.5910352745130412,0.41071761416589003
"['LUNCH BAG PINK POLKADOT', 'LUNCH BAG SPACEBOY DESIGN ']",['LUNCH BAG CARS BLUE'],0.016674177557458314,0.044569625957638574,0.010139702568724651,0.6081081081081081,13.644002951384145,1.0,0.009396540711837483,2.4379947475563704,0.9424218352174357,0.19841269841269843,0.5898268439657997,0.41780531795698633
"['GREEN REGENCY TEACUP AND SAUCER', 'ROSES REGENCY TEACUP AND SAUCER ', 'PINK REGENCY TEACUP AND SAUCER']",['REGENCY CAKESTAND 3 TIER'],0.017890941865705272,0.08490310950878774,0.010860748084722848,0.6070528967254408,7.14994892693075,1.0,0.009341751488283518,2.3288042661859696,0.8758078891295751,0.11813725490196078,0.5705950841296923,0.36748610865996034
"['LUNCH BAG CARS BLUE', 'LUNCH BAG SUKI DESIGN ']",['LUNCH BAG RED RETROSPOT'],0.01775574583145561,0.05989184317260027,0.010770617395223073,0.6065989847715736,10.128240385313182,1.0,0.009707193050472983,2.3896942825161,0.91755809480224,0.16105121293800537,0.581536430280486,0.39321672338653924
"['LUNCH BAG CARS BLUE', 'LUNCH BAG RED RETROSPOT']",['LUNCH BAG PINK POLKADOT'],0.020955385308697613,0.04285714285714286,0.01270842721946823,0.6064516129032258,14.150537634408602,1.0,0.011810339277666903,2.4320843091334896,0.9492226330093283,0.24867724867724866,0.5888300433317285,0.4514907906787422
"['LUNCH BAG SPACEBOY DESIGN ', 'LUNCH BAG SUKI DESIGN ']",['LUNCH BAG RED RETROSPOT'],0.01721496169445696,0.05989184317260027,0.010410094637223975,0.6047120418848168,10.09673454433716,1.0,0.009379058851197237,2.3782868603183225,0.9167397166296651,0.1560810810810811,0.5795292751749238,0.38926347015234064
"['LUNCH BAG PINK POLKADOT', 'LUNCH BAG CARS BLUE']",['LUNCH BAG  BLACK SKULL.'],0.01946822893195133,0.04835511491662911,0.011762054979720596,0.6041666666666667,12.494369369369371,1.0,0.010820666532492845,2.40415549915799,0.9382296166927107,0.20980707395498396,0.5840535271739989,0.42370495495495497
"['ROSES REGENCY TEACUP AND SAUCER ', 'PINK REGENCY TEACUP AND SAUCER']",['REGENCY CAKESTAND 3 TIER'],0.020324470482199188,0.08490310950878774,0.012212708427219469,0.6008869179600888,7.077325217374931,1.0,0.010487097684161187,2.292826097841871,0.8765184546826837,0.13129844961240314,0.5638570230244444,0.37236490271677475
"['LUNCH BAG CARS BLUE', 'LUNCH BAG SPACEBOY DESIGN ']",['LUNCH BAG RED RETROSPOT'],0.017800811176205498,0.05989184317260027,0.010680486705723299,0.6,10.01805869074492,1.0,0.009614363314412929,2.350270392068499,0.9164946088552419,0.15938130464021522,0.574517041369062,0.3891647855530474
['ALARM CLOCK BAKELIKE ORANGE'],['ALARM CLOCK BAKELIKE GREEN'],0.01694456962595764,0.03645786390265886,0.010094637223974764,0.5957446808510638,16.340635930883938,1.0,0.009476874410662474,2.383498968240791,0.9549846756342585,0.23309053069719043,0.5804487380424258,0.4363148620571759
['STRAWBERRY CHARLOTTE BAG'],['RED RETROSPOT CHARLOTTE BAG'],0.022712933753943218,0.03402433528616494,0.013519603424966201,0.5952380952380952,17.49448123620309,1.0,0.012746810951589584,2.386528112822416,0.9647514525500323,0.3128258602711157,0.5809812611772023,0.4962945443077893
['JUMBO BAG SCANDINAVIAN BLUE PAISLEY'],['JUMBO BAG RED RETROSPOT'],0.020684993240198287,0.0740423614240649,0.012257773771969356,0.5925925925925927,8.0034264331282,1.0,0.010726208026424256,2.272805112868205,0.8935363075790346,0.14863387978142076,0.5600150693351648,0.3790717071301369
"['LUNCH BAG WOODLAND', 'LUNCH BAG RED RETROSPOT']",['LUNCH BAG SPACEBOY DESIGN '],0.01978368634520054,0.045110410094637225,0.011716989634970707,0.592255125284738,13.129012217850486,1.0,0.010824539430755035,2.341880055689688,0.9424785067353224,0.22033898305084745,0.5729926485472809,0.42599769251249886
['HAND WARMER SCOTTY DOG DESIGN'],['HAND WARMER OWL DESIGN'],0.021406038756196486,0.026273095989184318,0.012663361874718341,0.591578947368421,22.516529746321204,1.0,0.01210095896372859,2.384125151572873,0.9764909868459327,0.36164736164736166,0.5805589319250827,0.5367843278866118
"['LUNCH BAG  BLACK SKULL.', 'LUNCH BAG RED RETROSPOT']",['LUNCH BAG PINK POLKADOT'],0.023569175304191076,0.04285714285714286,0.013925191527715187,0.5908221797323137,13.785850860420652,1.0,0.012915084014678427,2.3391855807743664,0.9498490165125167,0.26523605150214596,0.5725007847949546,0.45787165768950067
['LUNCH BAG DOLLY GIRL DESIGN'],['LUNCH BAG SPACEBOY DESIGN '],0.02726453357368184,0.045110410094637225,0.016043262730959892,0.5884297520661157,13.044211986360747,1.0,0.0148133484404121,2.3201132606134314,0.9492176214755877,0.2848,0.568986558985658,0.47203705385523564
"['LUNCH BAG PINK POLKADOT', 'LUNCH BAG RED RETROSPOT']",['LUNCH BAG  BLACK SKULL.'],0.023884632717440287,0.04835511491662911,0.013925191527715187,0.5830188679245284,12.057025796127945,1.0,0.012770247367921882,2.2822252900189444,0.9395004288100595,0.23879443585780527,0.5618311634818054,0.4354982503648737
"['PINK REGENCY TEACUP AND SAUCER', 'GREEN REGENCY TEACUP AND SAUCER']",['REGENCY CAKESTAND 3 TIER'],0.021225777377196935,0.08490310950878774,0.01234790446146913,0.5817409766454352,6.851821800298412,1.0,0.01054576996040383,2.18787124579371,0.8725744857256067,0.13166746756367131,0.5429347124870584,0.363588110403397
['RED KITCHEN SCALES'],['IVORY KITCHEN SCALES'],0.021045515998197387,0.028346101847679134,0.01216764308246958,0.5781584582441113,20.396400935511654,1.0,0.011571084742547717,2.3033622864829124,0.9714156867358542,0.32687651331719125,0.5658520564183864,0.503705620219035
['ALARM CLOCK BAKELIKE IVORY'],['ALARM CLOCK BAKELIKE GREEN'],0.021631365479945923,0.03645786390265886,0.012438035150968904,0.575,15.771631644004943,1.0,0.011649401772272363,2.2671579672878615,0.9573027857328821,0.27245804540967417,0.5589191338103924,0.4580809641532756
['WOODEN FRAME ANTIQUE WHITE '],['WOODEN PICTURE FRAME WHITE FINISH'],0.03722397476340694,0.04028841820639928,0.021360973411446597,0.5738498789346247,14.243544534182687,1.0,0.019861278348874006,2.2520504731861197,0.9657414934386249,0.38041733547351525,0.5559602185179997,0.552025610608252
"['LUNCH BAG CARS BLUE', 'LUNCH BAG SPACEBOY DESIGN ']",['LUNCH BAG PINK POLKADOT'],0.017800811176205498,0.04285714285714286,0.010139702568724651,0.569620253164557,13.29113924050633,1.0,0.009376810661172987,2.223949579831933,0.9415217557543779,0.20071364852809992,0.5503495182316267,0.40310665655073274
['HOT WATER BOTTLE I AM SO POORLY'],['CHOCOLATE HOT WATER BOTTLE'],0.02298332582244254,0.031861198738170345,0.013068949977467327,0.5686274509803921,17.84701999611726,1.0,0.012336673665774364,2.244321766561514,0.966174131568902,0.31283710895361383,0.554431091432989,0.48940566325540114
"['ROSES REGENCY TEACUP AND SAUCER ', 'GREEN REGENCY TEACUP AND SAUCER']",['REGENCY CAKESTAND 3 TIER'],0.025101397025687245,0.08490310950878774,0.014240648940964398,0.5673249551166967,6.682028001082537,1.0,0.012109462280468915,2.1149749709693166,0.8722392594061932,0.1487058823529412,0.5271811658642519,0.3675265964543144
"['LUNCH BAG CARS BLUE', 'LUNCH BAG SPACEBOY DESIGN ']",['LUNCH BAG  BLACK SKULL.'],0.017800811176205498,0.04835511491662911,0.010094637223974764,0.5670886075949367,11.727582667783455,1.0,0.009233876953940132,2.1982440327949213,0.9313089912496314,0.18006430868167206,0.5450914525042215,0.38792454610874516
"['LUNCH BAG CARS BLUE', 'LUNCH BAG SUKI DESIGN ']",['LUNCH BAG  BLACK SKULL.'],0.01775574583145561,0.04835511491662911,0.010049571879224875,0.565989847715736,11.70485994483894,1.0,0.009190990749114381,2.1926788580283514,0.9310977371089607,0.17926045016077166,0.543936862282151,0.3869091829445409
"['LUNCH BAG CARS BLUE', 'LUNCH BAG RED RETROSPOT']",['LUNCH BAG  BLACK SKULL.'],0.020955385308697613,0.04835511491662911,0.01185218566922037,0.5655913978494623,11.696619867921314,1.0,0.010838885604496055,2.1906676810087498,0.9340792047150038,0.20627450980392156,0.5435181663247416,0.4053492869955606
['ROUND SNACK BOXES SET OF 4 FRUITS '],['ROUND SNACK BOXES SET OF4 WOODLAND '],0.02131590806669671,0.02757999098693105,0.01203244704821992,0.5644820295983087,20.46708535422626,1.0,0.011444554495862173,2.232789632345542,0.9718570808453793,0.3264058679706601,0.5521297727679335,0.5003782697011152
['JUMBO STORAGE BAG SUKI'],['JUMBO BAG RED RETROSPOT'],0.03564668769716088,0.0740423614240649,0.01996394772420009,0.5600505689001265,7.563920951852591,1.0,0.017324582790156137,2.104691069291853,0.8998708511199179,0.22250125565042692,0.5248708874236534,0.4148396484184138
"['LUNCH BAG PINK POLKADOT', 'LUNCH BAG  BLACK SKULL.']",['LUNCH BAG CARS BLUE'],0.021045515998197387,0.044569625957638574,0.011762054979720596,0.5588865096359743,12.539627551893094,1.0,0.010824064203595439,2.1659513819309844,0.9400363652205415,0.21841004184100424,0.5383091197972865,0.4113947209453886
['HAND WARMER BIRD DESIGN'],['HAND WARMER OWL DESIGN'],0.021631365479945923,0.026273095989184318,0.012077512392969806,0.5583333333333333,21.251143510577474,1.0,0.011509189451338058,2.204664688326375,0.9740129385316623,0.3371069182389937,0.5464162848459604,0.5090122927387078
['JUMBO BAG SPACEBOY DESIGN'],['JUMBO BAG RED RETROSPOT'],0.021721496169445697,0.0740423614240649,0.012122577737719693,0.558091286307054,7.537459308066663,1.0,0.010514266867670154,2.095359538937093,0.8865873030551498,0.14493534482758622,0.5227549346938009,0.3609080898972884
['JUMBO  BAG BAROQUE BLACK WHITE'],['JUMBO BAG RED RETROSPOT'],0.029878323569175306,0.0740423614240649,0.016674177557458314,0.5580693815987933,7.5371634678498,1.0,0.01446191592500428,2.095255680463634,0.8940364018033921,0.19111570247933884,0.5227312784190987,0.39163359524248853
"['LUNCH BAG RED RETROSPOT', 'LUNCH BAG SUKI DESIGN ']",['LUNCH BAG PINK POLKADOT'],0.020594862550698513,0.04285714285714286,0.01149166291122127,0.5579868708971553,13.019693654266955,1.0,0.010609025944762762,2.165417256011315,0.9426061208084209,0.2211621856027753,0.5381952382507592,0.41306283607949246
"['REGENCY CAKESTAND 3 TIER', 'ROSES REGENCY TEACUP AND SAUCER ']","['GREEN REGENCY TEACUP AND SAUCER', 'PINK REGENCY TEACUP AND SAUCER']",0.01946822893195133,0.021225777377196935,0.010860748084722848,0.5578703703703703,26.282682629550994,1.0,0.010447519791484946,2.2137720637332508,0.981051468072601,0.3640483383685801,0.5482823112720898,0.5347738263741448
['LUNCH BAG PINK POLKADOT'],['LUNCH BAG RED RETROSPOT'],0.04285714285714286,0.05989184317260027,0.023884632717440287,0.5573080967402734,9.305242036619012,1.0,0.02131783943861456,2.123617237869019,0.932497887918896,0.3028571428571429,0.5291053480977262,0.47805209201197263
"['LUNCH BAG RED RETROSPOT', 'LUNCH BAG SUKI DESIGN ']",['LUNCH BAG  BLACK SKULL.'],0.020594862550698513,0.04835511491662911,0.011446597566471383,0.5557986870897155,11.494103323877713,1.0,0.010450730621140176,2.1423729678970465,0.9321973442179987,0.19905956112852669,0.5332278669565178,0.39625908259425197
"['LUNCH BAG RED RETROSPOT', 'LUNCH BAG SPACEBOY DESIGN ']",['LUNCH BAG WOODLAND'],0.02118071203244705,0.03780982424515548,0.011716989634970707,0.553191489361702,14.630892906956099,1.0,0.010916150635636633,2.1534732504989376,0.9518115172120696,0.24785510009532882,0.5356338882926406,0.43154210940075566
"['JUMBO BAG RED RETROSPOT', 'JUMBO BAG STRAWBERRY']",['JUMBO BAG PINK POLKADOT'],0.019017575484452456,0.039837764758900406,0.010500225326723749,0.5521327014218009,13.859530140893396,1.0,0.0097426076282895,2.1438543030251007,0.9458349697867328,0.21714818266542404,0.533550391652575,0.4078536810276425
['ALARM CLOCK BAKELIKE PINK'],['ALARM CLOCK BAKELIKE GREEN'],0.028346101847679134,0.03645786390265886,0.015502478593961243,0.5468998410174881,15.000874502074241,1.0,0.014469040270627651,2.126554398614834,0.9605655074892976,0.31444241316270566,0.5297557397772817,0.48605807872876877
"['LUNCH BAG RED RETROSPOT', 'LUNCH BAG SPACEBOY DESIGN ']",['LUNCH BAG  BLACK SKULL.'],0.02118071203244705,0.04835511491662911,0.011581793600721046,0.5468085106382978,11.30818345858698,1.0,0.01055759783637604,2.099873690090067,0.931293935550444,0.19984447900466565,0.5237808803837585,0.3931619440423549
"['LUNCH BAG WOODLAND', 'LUNCH BAG RED RETROSPOT']",['LUNCH BAG PINK POLKADOT'],0.01978368634520054,0.04285714285714286,0.010815682739972961,0.5466970387243736,12.75626423690205,1.0,0.009967810468035795,2.1114860014357504,0.9402079214748746,0.20869565217391306,0.5263998912045694,0.39953148466187133
['JUMBO BAG PINK VINTAGE PAISLEY'],['JUMBO BAG RED RETROSPOT'],0.027670121676430823,0.0740423614240649,0.015096890491212258,0.5456026058631922,7.3687899112016035,1.0,0.013048129341398115,2.0377705737835994,0.888888151013564,0.17429760665972946,0.5092676217503399,0.3747489596570982
"['LUNCH BAG  BLACK SKULL.', 'LUNCH BAG SUKI DESIGN ']",['LUNCH BAG PINK POLKADOT'],0.018521856692203697,0.04285714285714286,0.010049571879224875,0.5425790754257906,12.660178426601782,1.0,0.009255778020987574,2.092477203647416,0.9383929514525964,0.19578577699736607,0.5220975414896319,0.38853454297051887
"['LUNCH BAG  BLACK SKULL.', 'LUNCH BAG SUKI DESIGN ']",['LUNCH BAG CARS BLUE'],0.018521856692203697,0.044569625957638574,0.010049571879224875,0.5425790754257906,12.173740832859751,1.0,0.009224059654412371,2.088733424103247,0.9351771989185286,0.18946474086661003,0.5212409642799063,0.38402967927002374
['LARGE WHITE HEART OF WICKER'],['SMALL WHITE HEART OF WICKER'],0.023479044614691302,0.02640829202343398,0.01270842721946823,0.5412667946257198,20.496092444956865,1.0,0.012088385752852227,2.12234845127946,0.9740806963832701,0.34181818181818185,0.5288238369165303,0.5112477317838496
['PINK REGENCY TEACUP AND SAUCER'],['REGENCY CAKESTAND 3 TIER'],0.026633618747183417,0.08490310950878774,0.014375844975214061,0.5397631133671743,6.357401000858598,1.0,0.012114567926106646,1.9883171407364209,0.8657613749388433,0.14795918367346939,0.4970621237869397,0.35454185392350224
"['LUNCH BAG  BLACK SKULL.', 'LUNCH BAG SPACEBOY DESIGN ']",['LUNCH BAG PINK POLKADOT'],0.018882379450202793,0.04285714285714286,0.010184767913474538,0.5393794749403341,12.58552108194113,1.0,0.009375523079894418,2.0779422649888972,0.9382602008110975,0.19755244755244752,0.5187546753107968,0.38851202979403665
"['LUNCH BAG RED RETROSPOT', 'LUNCH BAG SPACEBOY DESIGN ']",['LUNCH BAG PINK POLKADOT'],0.02118071203244705,0.04285714285714286,0.011401532221721496,0.5382978723404255,12.560283687943262,1.0,0.010493787420330908,2.0730743910467413,0.9403001914411956,0.21660958904109587,0.5176246427437281,0.40216681209029687
['WOODLAND CHARLOTTE BAG'],['RED RETROSPOT CHARLOTTE BAG'],0.024290220820189275,0.03402433528616494,0.013068949977467327,0.5380333951762523,15.813193429087466,1.0,0.012242491360106224,2.0910075633765346,0.9600822769992309,0.2888446215139442,0.521761653322185,0.46106967772057644
"['LUNCH BAG WOODLAND', 'LUNCH BAG RED RETROSPOT']",['LUNCH BAG CARS BLUE'],0.01978368634520054,0.044569625957638574,0.010590356016223525,0.5353075170842825,12.010590297371314,1.0,0.009708604515754695,2.0560486970813563,0.9352426936594748,0.19698239731768655,0.5136301968822333,0.3864606341740927
"['LUNCH BAG  BLACK SKULL.', 'LUNCH BAG SPACEBOY DESIGN ']",['LUNCH BAG CARS BLUE'],0.018882379450202793,0.044569625957638574,0.010094637223974764,0.5346062052505968,11.994855100617535,1.0,0.009253056634689024,2.052950393455126,0.9342722051615189,0.18918918918918923,0.5128961697330665,0.38054880535532876
"['LUNCH BAG PINK POLKADOT', 'LUNCH BAG RED RETROSPOT']",['LUNCH BAG CARS BLUE'],0.023884632717440287,0.044569625957638574,0.01270842721946823,0.5320754716981133,11.938073525764544,1.0,0.011643898073116339,2.0418471703324665,0.9386537920014668,0.2279708973322555,0.5102473806415326,0.40860598660739844
['JUMBO BAG SCANDINAVIAN BLUE PAISLEY'],['JUMBO BAG PINK VINTAGE PAISLEY'],0.020684993240198287,0.027670121676430823,0.010950878774222622,0.5294117647058824,19.13297566583637,1.0,0.010378522494390186,2.0662009914375847,0.9677521615306346,0.2927710843373494,0.516019978625488,0.462588618509293
['JUMBO BAG WOODLAND ANIMALS'],['JUMBO BAG RED RETROSPOT'],0.022577737719693555,0.0740423614240649,0.011942316358720144,0.5289421157684631,7.1437769622046225,1.0,0.010270607342340851,1.9656982073158622,0.8798838120706348,0.1410324640766365,0.49127490869237334,0.3451162191745541
"['LUNCH BAG WOODLAND', 'LUNCH BAG RED RETROSPOT']",['LUNCH BAG  BLACK SKULL.'],0.01978368634520054,0.04835511491662911,0.010455159981973862,0.5284738041002278,10.929015575940406,1.0,0.009498517555277143,2.0182227273024145,0.9268366971633488,0.18125,0.5045145481358173,0.372345010158222
"['LUNCH BAG CARS BLUE', 'LUNCH BAG  BLACK SKULL.']",['LUNCH BAG SPACEBOY DESIGN '],0.01915277151870212,0.045110410094637225,0.010094637223974764,0.5270588235294118,11.683751542575072,1.0,0.009230647846317224,2.019045152784971,0.9322665403170228,0.1863560732113145,0.5047163761441148,0.3754175236528178
['JUMBO STORAGE BAG SKULLS'],['JUMBO BAG RED RETROSPOT'],0.021360973411446597,0.0740423614240649,0.011221270842721946,0.5253164556962026,7.094809587278597,1.0,0.009639653929021778,1.9506840919333035,0.8778026084814484,0.13329764453961454,0.48735932992158143,0.33843424732466854
"['LUNCH BAG CARS BLUE', 'LUNCH BAG  BLACK SKULL.']",['LUNCH BAG SUKI DESIGN '],0.01915277151870212,0.041279855790896804,0.010049571879224875,0.5247058823529411,12.710942717698432,1.0,0.009258948232936857,2.017109214301331,0.9393181754967194,0.1994633273703041,0.5042410232871939,0.38407783200616485
['BLUE HARMONICA IN BOX '],['RED  HARMONICA IN BOX '],0.02338891392519153,0.025642181162685896,0.012257773771969356,0.5240847784200385,20.43838529550203,1.0,0.011658031003901129,2.047334850107555,0.9738497436259355,0.3333333333333333,0.5115601143860439,0.5010582064332179
['LUNCH BAG WOODLAND'],['LUNCH BAG RED RETROSPOT'],0.03780982424515548,0.05989184317260027,0.01978368634520054,0.5232419547079856,8.736447686207827,1.0,0.017519186281126108,1.9718768589454705,0.9203346943574311,0.25390399074609604,0.49286894084512733,0.4267827531252494
"['LUNCH BAG RED RETROSPOT', 'LUNCH BAG SUKI DESIGN ']",['LUNCH BAG CARS BLUE'],0.020594862550698513,0.044569625957638574,0.010770617395223073,0.5229759299781181,11.733908883937758,1.0,0.009852712074689463,2.0028976189787118,0.9340127723549423,0.19801159900579948,0.5007233567385709,0.3823170853126182
['GREEN REGENCY TEACUP AND SAUCER'],['REGENCY CAKESTAND 3 TIER'],0.03303289770166742,0.08490310950878774,0.01726002703920685,0.5225102319236017,6.154194292136264,1.0,0.014455431308249599,1.9164743449430246,0.8661196337662879,0.17144136078782451,0.47820851208434556,0.3629005512059622
"['LUNCH BAG PINK POLKADOT', 'LUNCH BAG CARS BLUE']",['LUNCH BAG SPACEBOY DESIGN '],0.01946822893195133,0.045110410094637225,0.010139702568724651,0.5208333333333334,11.54574592074592,1.0,0.009261482777788045,1.9928130571938008,0.9315231179336335,0.18625827814569534,0.4981967844950997,0.37280427905427904
['ROSES REGENCY TEACUP AND SAUCER '],['REGENCY CAKESTAND 3 TIER'],0.037674628210905815,0.08490310950878774,0.01946822893195133,0.5167464114832535,6.08630725627038,1.0,0.01626953584725793,1.8936163377491417,0.8684139323363825,0.18881118881118883,0.47190992173807716,0.3730228872702892
"['LUNCH BAG CARS BLUE', 'LUNCH BAG RED RETROSPOT']",['LUNCH BAG SUKI DESIGN '],0.020955385308697613,0.041279855790896804,0.010770617395223073,0.5139784946236559,12.451072921068693,1.0,0.009905582111637359,1.9725879073328891,0.9393705071476376,0.2092819614711033,0.4930517437105821,0.3874477625956707
"['LUNCH BAG WOODLAND', 'LUNCH BAG RED RETROSPOT']",['LUNCH BAG SUKI DESIGN '],0.01978368634520054,0.041279855790896804,0.010139702568724651,0.5125284738041003,12.415946325014175,1.0,0.009323034849382439,1.966720295830824,0.9380158255814547,0.19911504424778761,0.49153928897776555,0.379080830788513
['VINTAGE HEADS AND TAILS CARD GAME '],['VINTAGE SNAP CARDS'],0.02199188823794502,0.03267237494366832,0.011266336187471835,0.5122950819672132,15.67976257772753,1.0,0.010547808969242446,1.9834280715440753,0.9572758271127085,0.25960539979231567,0.49582240246226233,0.4285613340870549
['PINK BLUE FELT CRAFT TRINKET BOX'],['PINK CREAM FELT CRAFT TRINKET BOX '],0.02077512392969806,0.0242000901306895,0.010635421360973412,0.5119305856832972,21.15407764676418,1.0,0.010132661489398474,1.9993055931100097,0.9729407547985157,0.3097112860892388,0.49982633798145126,0.4757045852066393
['LUNCH BAG DOLLY GIRL DESIGN'],['LUNCH BAG RED RETROSPOT'],0.02726453357368184,0.05989184317260027,0.013925191527715187,0.5107438016528926,8.527768968154769,1.0,0.01229226835874614,1.9215048475695162,0.9074779995996862,0.19015384615384617,0.4795745629968691,0.37162472249687517
"['LUNCH BAG CARS BLUE', 'LUNCH BAG RED RETROSPOT']",['LUNCH BAG SPACEBOY DESIGN '],0.020955385308697613,0.045110410094637225,0.010680486705723299,0.5096774193548387,11.298443491991877,1.0,0.009735180680756813,1.9474721899385687,0.9310017334051943,0.19283970707892598,0.48651384848194207,0.3732203280590377
['LUNCH BAG VINTAGE LEAF DESIGN'],['LUNCH BAG APPLE DESIGN'],0.02708427219468229,0.03956737269040108,0.013789995493465525,0.5091514143094842,12.867961142969765,1.0,0.012718342001490263,1.956677996654471,0.9479624851314682,0.26086956521739124,0.4889297054958453,0.42883538824813616
['HAND WARMER SCOTTY DOG DESIGN'],['HAND WARMER BIRD DESIGN'],0.021406038756196486,0.021631365479945923,0.010860748084722848,0.5073684210526316,23.455219298245613,1.0,0.010397706236909676,1.986004706824896,0.9783072488470501,0.3375350140056022,0.4964765206429247,0.5047258771929825
['JUMBO BAG PEARS'],['JUMBO BAG VINTAGE LEAF'],0.02145110410094637,0.035060838215412345,0.010860748084722848,0.5063025210084034,14.440685014365647,1.0,0.0101086543942976,1.9545150681253778,0.9511545221795069,0.23790720631786777,0.4883641388556171,0.40803557927026857
"['LUNCH BAG RED RETROSPOT', 'LUNCH BAG SUKI DESIGN ']",['LUNCH BAG SPACEBOY DESIGN '],0.020594862550698513,0.045110410094637225,0.010410094637223975,0.5054704595185996,11.205184312405319,1.0,0.009481051941719278,1.9309050556935876,0.929906900412583,0.1882640586797066,0.48210814558109044,0.36811984514391516
"['LUNCH BAG CARS BLUE', 'LUNCH BAG RED RETROSPOT']",['LUNCH BAG WOODLAND'],0.020955385308697613,0.03780982424515548,0.010590356016223525,0.5053763440860215,13.366270649903237,1.0,0.009798036580712155,1.94529752924349,0.9449873907401513,0.21983161833489243,0.48593981899062416,0.39273584784753995
"['LUNCH BAG RED RETROSPOT', 'LUNCH BAG SPACEBOY DESIGN ']",['LUNCH BAG CARS BLUE'],0.02118071203244705,0.044569625957638574,0.010680486705723299,0.5042553191489362,11.313878192027193,1.0,0.00973647029292068,1.9272629862657076,0.9313394099043447,0.19394435351882164,0.48112945294631826,0.3719456575522234
['CHARLOTTE BAG SUKI DESIGN'],['RED RETROSPOT CHARLOTTE BAG'],0.02690401081568274,0.03402433528616494,0.013564668769716088,0.5041876046901173,14.818440990826094,1.0,0.01264927768518069,1.9482684859262147,0.9582985934441347,0.2863939105613701,0.48672372046063456,0.4514315506894295
['HOT WATER BOTTLE TEA AND SYMPATHY'],['CHOCOLATE HOT WATER BOTTLE'],0.02334384858044164,0.031861198738170345,0.011762054979720596,0.5038610038610039,15.814251309300815,1.0,0.011018291980785388,1.9513459107145048,0.9591562960982901,0.270746887966805,0.4875331972106166,0.4365132459191865
['PACK OF 60 DINOSAUR CAKE CASES'],['PACK OF 72 RETROSPOT CAKE CASES'],0.023974763406940065,0.04691302388463272,0.012077512392969806,0.5037593984962406,10.738156630770009,1.0,0.010952783744631609,1.9206146639900585,0.9291503053575046,0.20536398467432948,0.4793333515831283,0.3806020815728081
"['JUMBO BAG RED RETROSPOT', 'JUMBO STORAGE BAG SUKI']",['JUMBO BAG PINK POLKADOT'],0.01996394772420009,0.039837764758900406,0.010049571879224875,0.5033860045146726,12.635899819208808,1.0,0.009254252826129208,1.9334175918718504,0.9396189072829179,0.2019927536231884,0.4827811621224344,0.3778242239767933
['60 TEATIME FAIRY CAKE CASES'],['PACK OF 72 RETROSPOT CAKE CASES'],0.02992338891392519,0.04691302388463272,0.01505182514646237,0.503012048192771,10.722226080112957,1.0,0.013648028487634243,1.9177265216381933,0.9347053361455108,0.2436177972283005,0.47854921506442805,0.4119286946055113
"['LUNCH BAG  BLACK SKULL.', 'LUNCH BAG RED RETROSPOT']",['LUNCH BAG CARS BLUE'],0.023569175304191076,0.044569625957638574,0.01185218566922037,0.502868068833652,11.282752727420363,1.0,0.01080171634178256,1.9218849447082884,0.933367857517021,0.21056845476381103,0.47967748914762215,0.3843966228900313
['PLASTERS IN TIN SPACEBOY'],['PLASTERS IN TIN WOODLAND ANIMALS'],0.026453357368183866,0.026678684091933302,0.013249211356466877,0.5008517887563885,18.773481744095033,1.0,0.012543470592070083,1.949964547570086,0.9724581588410024,0.3322033898305085,0.48717016355700804,0.49873670518900504
['PACK OF 60 PINK PAISLEY CAKE CASES'],['PACK OF 72 RETROSPOT CAKE CASES'],0.030419107706173953,0.04691302388463272,0.01523208652546192,0.5007407407407407,10.67381079446401,1.0,0.013805034199092965,1.9090021034951719,0.934746915252466,0.24528301886792447,0.47616610889578875,0.41271427046643183
"['ALARM CLOCK BAKELIKE RED ', 'ALARM CLOCK BAKELIKE GREEN']",['ALARM CLOCK BAKELIKE PINK'],0.024155024785939613,0.028346101847679134,0.012077512392969806,0.5,17.63910969793323,1.0,0.011392811600254349,1.9433077963046417,0.9666574304978296,0.2987736900780379,0.485413478039052,0.46303656597774245
['HEART OF WICKER LARGE'],['HEART OF WICKER SMALL'],0.036818386660657954,0.04380351509689049,0.018386660657954034,0.49938800489596086,11.40063768378742,1.0,0.016773885902020752,1.9100550810900747,0.9471584544546308,0.29543808834178137,0.4764548887096508,0.459570545657857
['LUNCH BAG SUKI DESIGN '],['LUNCH BAG RED RETROSPOT'],0.041279855790896804,0.05989184317260027,0.020594862550698513,0.4989082969432314,8.33015433346148,1.0,0.018122535901482568,1.8761199818167715,0.9178426157487931,0.255592841163311,0.46698504909497657,0.4213879332722177
['JUMBO SHOPPER VINTAGE RED PAISLEY'],['JUMBO BAG RED RETROSPOT'],0.036097341144659754,0.0740423614240649,0.017981072555205046,0.49812734082397003,6.727599326161835,1.0,0.01530834017572438,1.8450051455207066,0.8832412275721798,0.19511002444987774,0.45799609154056037,0.37048789439250845
['PACK OF 72 SKULL CAKE CASES'],['PACK OF 72 RETROSPOT CAKE CASES'],0.02253267237494367,0.04691302388463272,0.01117620549797206,0.49599999999999994,10.57275696445725,1.0,0.010119129700661722,1.8910455875304906,0.9262890584333497,0.19180201082753287,0.4711920185351553,0.36711623439000957
['ALARM CLOCK BAKELIKE IVORY'],['ALARM CLOCK BAKELIKE PINK'],0.021631365479945923,0.028346101847679134,0.010680486705723299,0.49374999999999997,17.418620826709063,1.0,0.010067321816724381,1.9193163420292754,0.963430490528194,0.271788990825688,0.47898114651454016,0.4352692766295707
['LOVE BUILDING BLOCK WORD'],['HOME BUILDING BLOCK WORD'],0.025101397025687245,0.031545741324921134,0.012392969806219017,0.49371633752244165,15.650807899461402,1.0,0.011601127628752542,1.9128688726312726,0.9602080995785058,0.28004073319755607,0.47722501301177206,0.44328674018979225
"['LUNCH BAG RED RETROSPOT', 'LUNCH BAG SUKI DESIGN ']",['LUNCH BAG WOODLAND'],0.020594862550698513,0.03780982424515548,0.010139702568724651,0.4923413566739606,13.021519314177814,1.0,0.009361014435329607,1.895348751379155,0.9426171158044346,0.21008403361344538,0.47239261414431105,0.38025887857535934
"['LUNCH BAG RED RETROSPOT', 'LUNCH BAG SPACEBOY DESIGN ']",['LUNCH BAG SUKI DESIGN '],0.02118071203244705,0.041279855790896804,0.010410094637223975,0.49148936170212765,11.906276131190188,1.0,0.009535757898976049,1.8853492375660188,0.935832276992498,0.19999999999999998,0.46959429050344137,0.37183638390783236
"['LUNCH BAG  BLACK SKULL.', 'LUNCH BAG RED RETROSPOT']",['LUNCH BAG SPACEBOY DESIGN '],0.023569175304191076,0.045110410094637225,0.011581793600721046,0.491395793499044,10.893179478265521,1.0,0.01051857843715659,1.8774708854154316,0.9301216377575034,0.20284135753749014,0.467368571322091,0.3740695251211504
['LUNCH BAG PINK POLKADOT'],['LUNCH BAG  BLACK SKULL.'],0.04285714285714286,0.04835511491662911,0.021045515998197387,0.491062039957939,10.155327741534638,1.0,0.01897315393034185,1.8698642266824086,0.9418965131515866,0.2999357739242132,0.4652018121260912,0.46314518586899744
['LUNCH BAG WOODLAND'],['LUNCH BAG SPACEBOY DESIGN '],0.03780982424515548,0.045110410094637225,0.01843172600270392,0.4874851013110846,10.806487910182783,1.0,0.016726109325398798,1.8631450370479052,0.9431222852316257,0.2858141160027952,0.4632731321956188,0.4480382549512466
['LUNCH BAG  BLACK SKULL.'],['LUNCH BAG RED RETROSPOT'],0.04835511491662911,0.05989184317260027,0.023569175304191076,0.4874184529356943,8.138311114103129,1.0,0.020673098345011263,1.8340655495923632,0.9216929515253767,0.27833954230973923,0.4547632170386394,0.4404737110427155
['JUMBO BAG APPLES'],['JUMBO BAG RED RETROSPOT'],0.03330328977016674,0.0740423614240649,0.01622352410995944,0.48714479025710417,6.579271391238674,1.0,0.013757669892186391,1.8054952372232616,0.8772218596387631,0.17804154302670622,0.44613534315496867,0.3531280859380469
"['LUNCH BAG  BLACK SKULL.', 'LUNCH BAG RED RETROSPOT']",['LUNCH BAG SUKI DESIGN '],0.023569175304191076,0.041279855790896804,0.011446597566471383,0.48565965583174,11.765052142910818,1.0,0.01047366540880401,1.8639800573284795,0.9370889145618233,0.21434599156118142,0.46351357351256506,0.38147611612547694
['SET OF 3 BUTTERFLY COOKIE CUTTERS'],['SET OF 3 HEART COOKIE CUTTERS'],0.022757999098693103,0.02365930599369085,0.011041009463722398,0.4851485148514852,20.50561056105611,1.0,0.010502570999242277,1.8963540402814851,0.973385157613887,0.3121019108280255,0.472672307618484,0.47590759075907596
"['LUNCH BAG PINK POLKADOT', 'LUNCH BAG  BLACK SKULL.']",['LUNCH BAG SPACEBOY DESIGN '],0.021045515998197387,0.045110410094637225,0.010184767913474538,0.48394004282655245,10.727901648672526,1.0,0.009235396056142606,1.8503462177834207,0.926279148685847,0.1819645732689211,0.45956059985469816,0.3548571343003891
['PLASTERS IN TIN CIRCUS PARADE '],['PLASTERS IN TIN WOODLAND ANIMALS'],0.023929698062190176,0.026678684091933302,0.011536728255971159,0.48210922787193977,18.070952308240447,1.0,0.010898315400954638,1.8793949772624854,0.9678222678794034,0.2952710495963091,0.4679138701027106,0.4572708301521861
"['LUNCH BAG PINK POLKADOT', 'LUNCH BAG RED RETROSPOT']",['LUNCH BAG SUKI DESIGN '],0.023884632717440287,0.041279855790896804,0.01149166291122127,0.4811320754716981,11.655372002966136,1.0,0.0105057087170268,1.8477151870211808,0.9365723390002353,0.2141057934508816,0.45879104797955156,0.37975817747384033
"['LUNCH BAG PINK POLKADOT', 'LUNCH BAG  BLACK SKULL.']",['LUNCH BAG SUKI DESIGN '],0.021045515998197387,0.041279855790896804,0.010049571879224875,0.4775160599571734,11.567774421888293,1.0,0.009180816013774276,1.834927489121521,0.9331924646832346,0.1922413793103448,0.4550193367702208,0.360482920808281
"['LUNCH BAG PINK POLKADOT', 'LUNCH BAG RED RETROSPOT']",['LUNCH BAG SPACEBOY DESIGN '],0.023884632717440287,0.045110410094637225,0.011401532221721496,0.47735849056603774,10.582002902757619,1.0,0.010324086644877975,1.8270450637178421,0.9276566702798185,0.19796557120500782,0.4526681252376411,0.36505287165664524
['LUNCH BAG ALPHABET DESIGN'],['LUNCH BAG APPLE DESIGN'],0.029743127534925643,0.03956737269040108,0.014060387561964848,0.4727272727272727,11.947401118243944,1.0,0.012883530149812316,1.8215101552423425,0.9443888670549145,0.25448613376835233,0.4510049822549823,0.4140401739490578
['STRAWBERRY CHARLOTTE BAG'],['CHARLOTTE BAG SUKI DESIGN'],0.022712933753943218,0.02690401081568274,0.010680486705723299,0.47023809523809523,17.478364042434393,1.0,0.010069417690351325,1.8368553503703966,0.9646975182028423,0.2743055555555556,0.45559131817409965,0.4336115099306054
['LUNCH BAG CARS BLUE'],['LUNCH BAG RED RETROSPOT'],0.044569625957638574,0.05989184317260027,0.020955385308697613,0.4701718907987867,7.8503493279345955,1.0,0.018286028260581268,1.7743644410349202,0.913323625939738,0.25094441446303295,0.43641792132808,0.4100295119908155
['LUNCH BAG SPACEBOY DESIGN '],['LUNCH BAG RED RETROSPOT'],0.045110410094637225,0.05989184317260027,0.02118071203244705,0.46953046953046956,7.839639668082107,1.0,0.018478966425607354,1.772218954772556,0.9136586325903746,0.25268817204301075,0.4357356367806491,0.4115899149759195
['JUMBO BAG VINTAGE DOILY '],['JUMBO BAG RED RETROSPOT'],0.02857142857142857,0.0740423614240649,0.013294276701216764,0.46529968454258674,6.284236153377967,1.0,0.011178780660529197,1.73173198482933,0.8656031904287139,0.1488395560040363,0.4225434369981019,0.3224246444624072
['PLASTERS IN TIN CIRCUS PARADE '],['PLASTERS IN TIN SPACEBOY'],0.023929698062190176,0.026453357368183866,0.011086074808472285,0.4632768361581921,17.512969325980038,1.0,0.01045305395392043,1.813871113114015,0.9660159298393389,0.2821100917431193,0.44869291275981493,0.4411784521506463
['CHARLOTTE BAG PINK POLKADOT'],['CHARLOTTE BAG SUKI DESIGN'],0.022712933753943218,0.02690401081568274,0.010455159981973862,0.4603174603174603,17.10962218499907,1.0,0.009844090966601889,1.8030896270179995,0.9634358095322901,0.26697353279631764,0.44539639903878314,0.4244635877801707
['COOK WITH WINE METAL SIGN '],['GIN + TONIC DIET METAL SIGN'],0.027625056331680938,0.029833258224425417,0.012573231185218567,0.4551386623164763,15.256082955895181,1.0,0.011749085746211231,1.7805754871509798,0.9610000559802244,0.28012048192771083,0.4383838218507344,0.4382944066869391
['WOODLAND CHARLOTTE BAG'],['CHARLOTTE BAG SUKI DESIGN'],0.024290220820189275,0.02690401081568274,0.011041009463722398,0.4545454545454546,16.89508146794579,1.0,0.010387505100060705,1.7840093135045818,0.9642325989561683,0.27497194163860833,0.43946480972368995,0.43246535708847267
['LUNCH BAG PINK POLKADOT'],['LUNCH BAG CARS BLUE'],0.04285714285714286,0.044569625957638574,0.01946822893195133,0.45425867507886436,10.19211324570273,1.0,0.01755810210519539,1.7507018992568126,0.9422678275290216,0.2864721485411141,0.4288005282769681,0.4455317642330621
"['LUNCH BAG PINK POLKADOT', 'LUNCH BAG RED RETROSPOT']",['LUNCH BAG WOODLAND'],0.023884632717440287,0.03780982424515548,0.010815682739972961,0.45283018867924535,11.976521915128073,1.0,0.009912608974766453,1.758485493620923,0.9389292859341335,0.212577502214349,0.43132883175459946,0.369442507927227
['72 SWEETHEART FAIRY CAKE CASES'],['PACK OF 72 RETROSPOT CAKE CASES'],0.022757999098693103,0.04691302388463272,0.010274898602974312,0.4514851485148515,9.623876508688333,1.0,0.009207252047690873,1.737577339127294,0.9169599407788552,0.17298937784522003,0.4244860487750983,0.33525266071275717
['SET OF 6 SPICE TINS PANTRY DESIGN'],['SET OF 3 CAKE TINS PANTRY DESIGN '],0.02996845425867508,0.05488958990536277,0.013519603424966201,0.45112781954887216,8.218822919367383,1.0,0.011874647260609904,1.7219134868847499,0.9054634146341465,0.18951358180669614,0.41925073029703763,0.348716619134042
['LUNCH BAG VINTAGE DOILY '],['LUNCH BAG RED RETROSPOT'],0.024560612888688597,0.05989184317260027,0.011041009463722398,0.44954128440366975,7.505884951781364,1.0,0.009570029088370116,1.707863151569776,0.8885956600242315,0.15039901780233272,0.41447299270971827,0.3169452095457025
['LUNCH BAG SUKI DESIGN '],['LUNCH BAG  BLACK SKULL.'],0.041279855790896804,0.04835511491662911,0.018521856692203697,0.44868995633187775,9.279058835977976,1.0,0.016525764521693003,1.7261519103690453,0.930647441664282,0.2604562737642586,0.4206767121752317,0.41586408347814763
['LUNCH BAG APPLE DESIGN'],['LUNCH BAG RED RETROSPOT'],0.03956737269040108,0.05989184317260027,0.017665615141955835,0.44646924829157175,7.4545918883295545,1.0,0.015295852262030507,1.6983846948445616,0.9015254891370963,0.21597796143250686,0.4112052451747269,0.370713931895974
['JUMBO BAG VINTAGE LEAF'],['JUMBO BAG RED RETROSPOT'],0.035060838215412345,0.0740423614240649,0.015637674628210904,0.44601542416452444,6.023787134638343,1.0,0.013041687373234677,1.6714502153412474,0.8642943626644759,0.16730954676952747,0.4017171490831166,0.32860722516808083
['HAND OVER THE CHOCOLATE   SIGN '],['COOK WITH WINE METAL SIGN '],0.02672374943668319,0.027625056331680938,0.011897251013970257,0.44519392917369305,16.11558448346533,1.0,0.011159005930388157,1.7526393361559671,0.9637019942444308,0.2802547770700637,0.42943195478353097,0.43793138546776006
"['LUNCH BAG  BLACK SKULL.', 'LUNCH BAG RED RETROSPOT']",['LUNCH BAG WOODLAND'],0.023569175304191076,0.03780982424515548,0.010455159981973862,0.4435946462715105,11.732258880530177,1.0,0.009564013606119139,1.7292971199992568,0.9368456002533649,0.2053097345132743,0.42173037332044483,0.3600571562704394
['HOT WATER BOTTLE TEA AND SYMPATHY'],['HOT WATER BOTTLE KEEP CALM'],0.02334384858044164,0.032717440288418206,0.010319963947724201,0.44208494208494215,13.512210557665105,1.0,0.009556212975691725,1.7337452108325242,0.9481257687056407,0.22561576354679805,0.42321397991356996,0.37875596966506064
['72 SWEETHEART FAIRY CAKE CASES'],['60 TEATIME FAIRY CAKE CASES'],0.022757999098693103,0.02992338891392519,0.010049571879224875,0.4415841584158416,14.757157342240248,1.0,0.009368575421291922,1.7371939312002402,0.9539461780011601,0.2357293868921776,0.42435902978944184,0.3887137659549087
['LUNCH BAG VINTAGE LEAF DESIGN'],['LUNCH BAG RED RETROSPOT'],0.02708427219468229,0.05989184317260027,0.011942316358720144,0.4409317803660565,7.362134090536339,1.0,0.010320189375992214,1.6815625067061521,0.8882267961409417,0.15915915915915915,0.40531499958404654,0.32016491200394626
['JUMBO BAG STRAWBERRY'],['JUMBO BAG PINK POLKADOT'],0.030058584948174854,0.039837764758900406,0.013249211356466877,0.4407796101949025,11.064366007041727,1.0,0.012051744520316062,1.7169657128842182,0.9378089757484557,0.23389021479713606,0.41757718718787606,0.3866793978576323
['COOK WITH WINE METAL SIGN '],['PLEASE ONE PERSON METAL SIGN'],0.027625056331680938,0.03172600270392068,0.01216764308246958,0.44045676998368677,13.883147337980128,1.0,0.01129121047059471,1.7304721875874536,0.9543337470111349,0.25787965616045844,0.42212304411886853,0.41198974862820703
['LUNCH BAG WOODLAND'],['LUNCH BAG CARS BLUE'],0.03780982424515548,0.044569625957638574,0.01662911221270843,0.4398092967818832,9.867915364600595,1.0,0.014943942488577795,1.7055448591947686,0.9339749006126657,0.25291295407813574,0.41367710464553503,0.4064567211917505
['LUNCH BAG DOLLY GIRL DESIGN'],['LUNCH BAG  BLACK SKULL.'],0.02726453357368184,0.04835511491662911,0.011897251013970257,0.43636363636363634,9.024146403456749,1.0,0.01057887135986658,1.6884022154704965,0.9141089491158985,0.1867043847241867,0.4077240654879524,0.34120138947725154
['LUNCH BAG SUKI DESIGN '],['LUNCH BAG CARS BLUE'],0.041279855790896804,0.044569625957638574,0.01775574583145561,0.4301310043668122,9.65076540636963,1.0,0.01591591809927008,1.6765789705417682,0.9349769910507763,0.26075446724023826,0.4035473320550711,0.41425660430676303
['LUNCH BAG CARS BLUE'],['LUNCH BAG  BLACK SKULL.'],0.044569625957638574,0.04835511491662911,0.01915277151870212,0.42972699696663297,8.886898474081628,1.0,0.01699760213372933,1.6687531761479677,0.9288743871681969,0.25962125839951133,0.4007502042283272,0.41290636893998006
['JUMBO BAG PINK VINTAGE PAISLEY'],['JUMBO SHOPPER VINTAGE RED PAISLEY'],0.027670121676430823,0.036097341144659754,0.011716989634970707,0.42345276872964166,11.73085760063764,1.0,0.010718171813302339,1.6718537642293188,0.9407864151051025,0.2251082251082251,0.40186156146200147,0.37402351295408426
['LUNCH BAG DOLLY GIRL DESIGN'],['LUNCH BAG SUKI DESIGN '],0.02726453357368184,0.041279855790896804,0.011536728255971159,0.42314049586776864,10.250532318019417,1.0,0.010411252241843508,1.661964719904033,0.9277384468380819,0.20237154150197628,0.39830251026162383,0.3513082392002599
['60 TEATIME FAIRY CAKE CASES'],['PACK OF 60 PINK PAISLEY CAKE CASES'],0.02992338891392519,0.030419107706173953,0.012618296529968454,0.4216867469879518,13.862561356537258,1.0,0.011708053739662033,1.6765669595914072,0.9564845170624229,0.2644003777148253,0.40354305905938415,0.4182507809013833
['HAND OVER THE CHOCOLATE   SIGN '],['GIN + TONIC DIET METAL SIGN'],0.02672374943668319,0.029833258224425417,0.011266336187471835,0.4215851602023609,14.131381729441674,1.0,0.010469079669802423,1.677285358230075,0.954750011575682,0.24875621890547264,0.4037985277262351,0.39961433236704147
['LUNCH BAG VINTAGE LEAF DESIGN'],['LUNCH BAG SUKI DESIGN '],0.02708427219468229,0.041279855790896804,0.011401532221721496,0.42096505823627284,10.197832578889622,1.0,0.010283497371323615,1.6557207088208936,0.9270483779160701,0.20015822784810128,0.39603340426167594,0.3485829657993591
"['JUMBO BAG RED RETROSPOT', 'JUMBO BAG PINK POLKADOT']",['JUMBO BAG STRAWBERRY'],0.024966200991437586,0.030058584948174854,0.010500225326723749,0.42057761732851984,13.9919300277659,1.0,0.009749776653389415,1.6739798876595362,0.9523056866754424,0.23582995951417002,0.40262125765552453,0.38495147732992707
['LUNCH BAG WOODLAND'],['LUNCH BAG  BLACK SKULL.'],0.03780982424515548,0.04835511491662911,0.01586300135196034,0.41954707985697254,8.676374372811017,1.0,0.014034702955608299,1.6394867732750473,0.9195110352506376,0.22564102564102562,0.39005302372620265,0.3737996349890641
['PACK OF 60 DINOSAUR CAKE CASES'],['60 TEATIME FAIRY CAKE CASES'],0.023974763406940065,0.02992338891392519,0.010049571879224875,0.41917293233082703,14.008203868103994,1.0,0.009332165709679666,1.6701642624524007,0.9514234117241239,0.22918807810894137,0.4012564976503322,0.3775081529124015
['LUNCH BAG SPACEBOY DESIGN '],['LUNCH BAG  BLACK SKULL.'],0.045110410094637225,0.04835511491662911,0.018882379450202793,0.41858141858141856,8.656404173645553,1.0,0.016701060386140346,1.6367637971966567,0.926262681215126,0.25317220543806646,0.3890382951329109,0.40453768039974936
['JUMBO BAG PINK VINTAGE PAISLEY'],['JUMBO BAG PINK POLKADOT'],0.027670121676430823,0.039837764758900406,0.011581793600721046,0.4185667752442997,10.50678364555544,1.0,0.010479477802525243,1.651371463411863,0.9305724475530528,0.20709105560032234,0.3944427270567451,0.3546453785723761
['LUNCH BAG DOLLY GIRL DESIGN'],['LUNCH BAG WOODLAND'],0.02726453357368184,0.03780982424515548,0.011401532221721496,0.41818181818181815,11.060136526167513,1.0,0.010370664999174444,1.653764364578639,0.9350797151806307,0.21242653232577663,0.39531893332652074,0.35986564091450857
['LUNCH BAG SUKI DESIGN '],['LUNCH BAG SPACEBOY DESIGN '],0.041279855790896804,0.045110410094637225,0.01721496169445696,0.41703056768558944,9.24466363330992,1.0,0.015352810471082121,1.6379754014106969,0.930229215713008,0.24885993485342017,0.38949022119699983,0.3993244746519855
['LUNCH BAG VINTAGE DOILY '],['JUMBO BAG VINTAGE DOILY '],0.024560612888688597,0.02857142857142857,0.010229833258224425,0.41651376146788993,14.577981651376149,1.0,0.009528101461404752,1.6648697214734953,0.9548552279829813,0.23844537815126046,0.39935240151106316,0.38727896275287244
['LUNCH BAG APPLE DESIGN'],['LUNCH BAG SUKI DESIGN '],0.03956737269040108,0.041279855790896804,0.016313654799459214,0.4123006833712984,9.987939043678068,1.0,0.01468031936077479,1.6313106329759546,0.9369519726909229,0.25279329608938544,0.38699596521618457,0.4037485949607583
['LUNCH BAG VINTAGE LEAF DESIGN'],['LUNCH BAG ALPHABET DESIGN'],0.02708427219468229,0.029743127534925643,0.011131140153222172,0.410981697171381,13.817702818534764,1.0,0.010325569191145096,1.6472440122924001,0.9534526411054661,0.24358974358974358,0.3929253999179259,0.3926120607069026
['RETROSPOT HEART HOT WATER BOTTLE'],['SCOTTIE DOG HOT WATER BOTTLE'],0.02438035150968905,0.029878323569175306,0.010004506534474988,0.41035120147874304,13.734077165630932,1.0,0.009276062503338267,1.6452533760159127,0.9503584835701793,0.22606924643584522,0.39219088404391267,0.37259641521900955
['LUNCH BAG DOLLY GIRL DESIGN'],['LUNCH BAG CARS BLUE'],0.02726453357368184,0.044569625957638574,0.011131140153222172,0.40826446280991735,9.160150080639097,1.0,0.009915970089933694,1.6146239561330409,0.9158003524339795,0.18337045285820341,0.3806607438211436,0.3290058411117332
['LUNCH BAG VINTAGE LEAF DESIGN'],['LUNCH BAG  BLACK SKULL.'],0.02708427219468229,0.04835511491662911,0.01099594411897251,0.4059900166389351,8.396009756959897,1.0,0.009686281024565384,1.6020688401543581,0.9054184014476102,0.1706293706293706,0.3758070970885054,0.3166949151228226
"['JUMBO BAG RED RETROSPOT', 'JUMBO BAG PINK POLKADOT']",['JUMBO STORAGE BAG SUKI'],0.024966200991437586,0.03564668769716088,0.010049571879224875,0.4025270758122743,11.29213124181336,1.0,0.009159609509498552,1.614053580108075,0.9347806802646643,0.19875222816399285,0.38044188103529913,0.3422243470085392
['JUMBO BAG APPLES'],['LUNCH BAG APPLE DESIGN'],0.03330328977016674,0.03956737269040108,0.013384407390716538,0.40189445196211093,10.157218552436495,1.0,0.01206668371256393,1.605791202673741,0.9326067223601139,0.22499999999999998,0.37725403007879327,0.3700816223364085
['LUNCH BAG CARS BLUE'],['LUNCH BAG SPACEBOY DESIGN '],0.044569625957638574,0.045110410094637225,0.017800811176205498,0.3993933265925177,8.853684232855112,1.0,0.015790257071491835,1.5898750916101074,0.9284325613969726,0.2476489028213166,0.3710197704982759,0.39699936059895613
['HAND OVER THE CHOCOLATE   SIGN '],['PLEASE ONE PERSON METAL SIGN'],0.02672374943668319,0.03172600270392068,0.010635421360973412,0.3979763912310287,12.544170627012113,1.0,0.009787583614086302,1.608365491306933,0.9455503471527354,0.22243166823751181,0.3782507735928757,0.36660183197915075
['LUNCH BAG ALPHABET DESIGN'],['LUNCH BAG RED RETROSPOT'],0.029743127534925643,0.05989184317260027,0.011807120324470483,0.396969696969697,6.628109537816084,1.0,0.010025749594686066,1.5589733253921703,0.8751573341653578,0.15170816444701796,0.3585522063063888,0.2970552021342089
['LUNCH BAG ALPHABET DESIGN'],['LUNCH BAG SUKI DESIGN '],0.029743127534925643,0.041279855790896804,0.011762054979720596,0.39545454545454545,9.579843191742754,1.0,0.010534262964308613,1.5858528701203212,0.9230691203399695,0.19847908745247148,0.3694244788773321,0.3401945216355696
['LUNCH BAG SUKI DESIGN '],['LUNCH BAG PINK POLKADOT'],0.041279855790896804,0.04285714285714286,0.016313654799459214,0.39519650655021826,9.221251819505092,1.0,0.014544518122706494,1.582568334192883,0.9299427568837432,0.24053156146179397,0.3681157531121683,0.3879242259354666
['JUMBO BAG ALPHABET'],['JUMBO BAG RED RETROSPOT'],0.0345200540784137,0.0740423614240649,0.013609734114465975,0.3942558746736292,5.324733937314566,1.0,0.011053787794013802,1.528628342993893,0.8412367265281494,0.14333175130517323,0.34581875013422064,0.28903298907144637
['LUNCH BAG DOLLY GIRL DESIGN'],['LUNCH BAG PINK POLKADOT'],0.02726453357368184,0.04285714285714286,0.010635421360973412,0.39008264462809916,9.101928374655648,1.0,0.009466941350672761,1.5692992644212156,0.9150824686006839,0.17878787878787877,0.362772912298014,0.3191212381920727
['LUNCH BAG PINK POLKADOT'],['LUNCH BAG SPACEBOY DESIGN '],0.04285714285714286,0.045110410094637225,0.016674177557458314,0.38906414300736064,8.624708624708624,1.0,0.014740874267688147,1.5629948364888124,0.9236385639370713,0.23388116308470291,0.3602026208567338,0.3793472563188651
['ROUND SNACK BOXES SET OF4 WOODLAND '],['POSTAGE'],0.02757999098693105,0.05380802163136548,0.010725552050473186,0.3888888888888889,7.227340405732366,1.0,0.009241527298855535,1.5483141464214019,0.886074440898799,0.15178571428571425,0.3541362375902288,0.29410943606923506
['SPOTTY BUNTING'],['PARTY BUNTING'],0.04574132492113565,0.06304641730509239,0.017710680486705724,0.387192118226601,6.141381775159596,1.0,0.014826853827639984,1.5289515859088925,0.8772990137320464,0.19445818901533896,0.3459570536986329,0.3340535287344585
['JUMBO BAG APPLES'],['JUMBO BAG VINTAGE LEAF'],0.03330328977016674,0.035060838215412345,0.012888688598467778,0.3870094722598105,11.038226464582515,1.0,0.011721047343794965,1.5741501999090732,0.9407353170814082,0.2323314378554021,0.36473660514875755,0.3773093633792626
['LUNCH BAG WOODLAND'],['LUNCH BAG PINK POLKADOT'],0.03780982424515548,0.04285714285714286,0.014556106354213609,0.38498212157330153,8.982916170043703,1.0,0.012935685315135517,1.5562846068660023,0.9235986800597937,0.22017723244717108,0.3574440076138971,0.3623123015858095
['JUMBO  BAG BAROQUE BLACK WHITE'],['JUMBO BAG PINK POLKADOT'],0.029878323569175306,0.039837764758900406,0.011401532221721496,0.3815987933634992,9.578820389972904,1.0,0.01021124659598238,1.5526525901581683,0.9231862698025515,0.19551777434312206,0.35594091921224297,0.3338989441930618
['JUMBO BAG APPLES'],['JUMBO BAG ALPHABET'],0.03330328977016674,0.0345200540784137,0.01270842721946823,0.38159675236806495,11.054349784657129,1.0,0.011558795855612992,1.5612465646303113,0.9408720055042152,0.2305805396565822,0.35948618068742355,0.37487148323364083
['LUNCH BAG VINTAGE LEAF DESIGN'],['LUNCH BAG SPACEBOY DESIGN '],0.02708427219468229,0.045110410094637225,0.010274898602974312,0.3793677204658901,8.40975995718092,1.0,0.009053115977157414,1.5385754518314287,0.9056185614343888,0.16593886462882093,0.3500481248354383,0.30356997411905895
['LUNCH BAG ALPHABET DESIGN'],['LUNCH BAG SPACEBOY DESIGN '],0.029743127534925643,0.045110410094637225,0.01117620549797206,0.37575757575757573,8.32973087518542,1.0,0.009834480817374466,1.529677498392086,0.9069228233672445,0.17551309271054494,0.34626743150033534,0.31175491175491177
['RED RETROSPOT CHARLOTTE BAG'],['JUMBO BAG RED RETROSPOT'],0.03402433528616494,0.0740423614240649,0.012753492564218117,0.3748344370860927,5.062432233073888,1.0,0.010234250433746327,1.4811398667898965,0.8307315814678445,0.13380614657210402,0.3248443159069644,0.27354016437384365
['LUNCH BAG ALPHABET DESIGN'],['LUNCH BAG  BLACK SKULL.'],0.029743127534925643,0.04835511491662911,0.011086074808472285,0.37272727272727274,7.7081250529526395,1.0,0.009647842458541,1.5171150341908812,0.8969447056291279,0.16543375924680567,0.3408542019140116,0.30099550961619925
['LUNCH BAG WOODLAND'],['LUNCH BAG SUKI DESIGN '],0.03780982424515548,0.041279855790896804,0.013970256872465074,0.3694874851013111,8.950793989517567,1.0,0.012409472780145902,1.520541022668124,0.9231834725577558,0.21453287197231832,0.34233934823719525,0.3539577163497821
['JUMBO  BAG BAROQUE BLACK WHITE'],['JUMBO STORAGE BAG SUKI'],0.029878323569175306,0.03564668769716088,0.010905813429472735,0.3650075414781297,10.23959209279355,1.0,0.009840750160287622,1.5186846699686043,0.9301306028523857,0.19966996699669967,0.34153546172249627,0.3354746936214922
['LUNCH BAG APPLE DESIGN'],['LUNCH BAG  BLACK SKULL.'],0.03956737269040108,0.04835511491662911,0.014420910319963948,0.36446469248291574,7.537252121338211,1.0,0.012507625466570511,1.4973910557405012,0.9030572564752253,0.19619865113427346,0.33217178227001476,0.3313469781147105
['GIN + TONIC DIET METAL SIGN'],['PLEASE ONE PERSON METAL SIGN'],0.029833258224425417,0.03172600270392068,0.010860748084722848,0.3640483383685801,11.474762256248285,1.0,0.009914258053627964,1.522559112137778,0.9409230244969014,0.21422222222222226,0.34321105037693345,0.3531889419115628
['SCOTTIE DOG HOT WATER BOTTLE'],['CHOCOLATE HOT WATER BOTTLE'],0.029878323569175306,0.031861198738170345,0.010860748084722848,0.363499245852187,11.40883771635082,1.0,0.009908788879521995,1.5210332351578035,0.9404476516704777,0.21346324180690876,0.34255216987664805,0.352188095344764
['JUMBO  BAG BAROQUE BLACK WHITE'],['JUMBO SHOPPER VINTAGE RED PAISLEY'],0.029878323569175306,0.036097341144659754,0.010815682739972961,0.36199095022624433,10.028188745967993,1.0,0.009737154701265913,1.5107977844470226,0.9280084312723557,0.19607843137254904,0.33809804972277163,0.3308082091955192
['LUNCH BAG ALPHABET DESIGN'],['LUNCH BAG CARS BLUE'],0.029743127534925643,0.044569625957638574,0.010725552050473186,0.3606060606060606,8.09084781076692,1.0,0.00939991198143121,1.4942749925781007,0.9032696218292241,0.16867469879518068,0.3307791370618596,0.30062658945368753
['JUMBO BAG VINTAGE DOILY '],['JUMBO BAG VINTAGE LEAF'],0.02857142857142857,0.035060838215412345,0.010274898602974312,0.35962145110410093,10.25706940874036,1.0,0.009273160368248245,1.506826178747361,0.9290505675954592,0.19256756756756757,0.3363534466654213,0.3263402885340556
['JUMBO STORAGE BAG SUKI'],['JUMBO BAG PINK POLKADOT'],0.03564668769716088,0.039837764758900406,0.012798557908968004,0.359039190897598,9.012533536219117,1.0,0.01137847355005452,1.4980045918653053,0.9219063152220487,0.20416966211358736,0.33244530395276917,0.34015307961169494
['LUNCH BAG WOODLAND'],['LUNCH BAG APPLE DESIGN'],0.03780982424515548,0.03956737269040108,0.013519603424966201,0.3575685339690107,9.036954178556206,1.0,0.012023568017699571,1.4949962417676315,0.9242905094218848,0.2117148906139732,0.33110199740861246,0.34962709158587213
['LUNCH BAG APPLE DESIGN'],['LUNCH BAG SPACEBOY DESIGN '],0.03956737269040108,0.045110410094637225,0.014060387561964848,0.3553530751708428,7.877407330710291,1.0,0.012275487153533507,1.4812598232100858,0.9090223035535536,0.19910657306955964,0.32489899183732135,0.33352069342957724
['HEART OF WICKER LARGE'],['WHITE HANGING HEART T-LIGHT HOLDER'],0.036818386660657954,0.09071653898152321,0.013068949977467327,0.35495716034271724,3.912816387483803,1.0,0.009728913368728956,1.4096481739128948,0.7728860292634762,0.11417322834645668,0.290603131684834,0.24951037351462738
['LUNCH BAG ALPHABET DESIGN'],['JUMBO BAG ALPHABET'],0.029743127534925643,0.0345200540784137,0.010545290671473636,0.3545454545454545,10.270709708046521,1.0,0.009518556300506848,1.4958140007235843,0.9303059535293629,0.19630872483221476,0.3314676828026342,0.33001424163304055
['JAM MAKING SET PRINTED'],['JAM MAKING SET WITH JARS'],0.03965750337990086,0.04348805768364128,0.014015322217214961,0.3534090909090909,8.126577955723032,1.0,0.012290694422640634,1.479315481965546,0.9131606464667192,0.20273794002607562,0.3240116714851697,0.3378444418276024
['CHOCOLATE HOT WATER BOTTLE'],['HOT WATER BOTTLE KEEP CALM'],0.031861198738170345,0.032717440288418206,0.011131140153222172,0.3493635077793494,10.678204184054769,1.0,0.010088723285988659,1.4866712385132355,0.936179082189269,0.20826306913996626,0.32735632862578096,0.34479194672714025
['WOODEN PICTURE FRAME WHITE FINISH'],['WHITE HANGING HEART T-LIGHT HOLDER'],0.04028841820639928,0.09071653898152321,0.013970256872465074,0.34675615212527966,3.822413818012894,1.0,0.010315431011740345,1.3919510516275997,0.7693824071156783,0.11936850211782826,0.2815839329761588,0.2503775792916513
['LUNCH BAG ALPHABET DESIGN'],['LUNCH BAG PINK POLKADOT'],0.029743127534925643,0.04285714285714286,0.010274898602974312,0.3454545454545454,8.060606060606059,1.0,0.009000193137191784,1.4623015873015874,0.9027916982423546,0.16485900216919738,0.31614654002713694,0.292601089761973
['JUMBO BAG ALPHABET'],['JUMBO BAG VINTAGE LEAF'],0.0345200540784137,0.035060838215412345,0.01185218566922037,0.3433420365535248,9.792750374193723,1.0,0.010641883637989822,1.469469975998,0.9299868382568004,0.20530835284933643,0.3194825234038257,0.340694154523549
['SET OF 3 REGENCY CAKE TINS'],['REGENCY CAKESTAND 3 TIER'],0.03402433528616494,0.08490310950878774,0.01149166291122127,0.3377483443708609,3.9780444594423585,1.0,0.008602891046456297,1.3817963046417303,0.7749886798666281,0.10696308724832214,0.276304331802886,0.23654933142109924
['LUNCH BAG APPLE DESIGN'],['LUNCH BAG PINK POLKADOT'],0.03956737269040108,0.04285714285714286,0.013159080666967103,0.33257403189066065,7.760060744115415,1.0,0.011463336123092771,1.434080936128718,0.907023568945658,0.18998048145738458,0.3026892870499439,0.3198096237266132
['LUNCH BAG APPLE DESIGN'],['LUNCH BAG CARS BLUE'],0.03956737269040108,0.044569625957638574,0.013114015322217214,0.3314350797266515,7.436344205393728,1.0,0.011350512321279555,1.4290764368129356,0.9011827549198684,0.18464467005076143,0.3002473665928209,0.3128358411777848
['LUNCH BAG RED RETROSPOT'],['JUMBO BAG RED RETROSPOT'],0.05989184317260027,0.0740423614240649,0.019558359621451103,0.326561324303988,4.41046609026506,1.0,0.01512382612291202,1.3749694990697408,0.8225293952488238,0.17100078802206461,0.2727111396459577,0.29535613385010717
['RED RETROSPOT CHARLOTTE BAG'],['LUNCH BAG RED RETROSPOT'],0.03402433528616494,0.05989184317260027,0.010950878774222622,0.32185430463576153,5.373925522849924,1.0,0.008913098621211663,1.3862923015716537,0.8425846731577235,0.13199348180336773,0.2786514078839724,0.2523492742140433
['JUMBO STORAGE BAG SUKI'],['JUMBO SHOPPER VINTAGE RED PAISLEY'],0.03564668769716088,0.036097341144659754,0.011446597566471383,0.3211125158027813,8.895738733662569,1.0,0.01015984691998982,1.4198268215168977,0.9203956841018033,0.18983557548579974,0.2956887524271222,0.31910806813859416
['WOODEN FRAME ANTIQUE WHITE '],['WHITE HANGING HEART T-LIGHT HOLDER'],0.03722397476340694,0.09071653898152321,0.011581793600721046,0.311138014527845,3.4297826837421166,1.0,0.008204963443049204,1.3199791543080173,0.7358267335063822,0.09953524399690163,0.24241227845432328,0.21940407929571584
['JUMBO SHOPPER VINTAGE RED PAISLEY'],['JUMBO BAG PINK POLKADOT'],0.036097341144659754,0.039837764758900406,0.01117620549797206,0.3096129837702872,7.771846278125195,1.0,0.009738168113029327,1.3907594040291515,0.9039610351416691,0.17258176757132918,0.2809683708749964,0.29507798509781324
['RECIPE BOX PANTRY YELLOW DESIGN'],['SET OF 3 CAKE TINS PANTRY DESIGN '],0.03943217665615142,0.05488958990536277,0.012122577737719693,0.30742857142857144,5.600853858784894,1.0,0.009958161731987722,1.3646396185359861,0.8551772971719132,0.14747807017543857,0.2672057982071333,0.2641412151067324
['JUMBO BAG APPLES'],['JUMBO BAG PINK POLKADOT'],0.03330328977016674,0.039837764758900406,0.010229833258224425,0.3071718538565629,7.710569498956031,1.0,0.008903104634663029,1.3858591637561963,0.9002905299795025,0.1626074498567335,0.27842595687023053,0.28197959208665246
['JUMBO STORAGE BAG SUKI'],['LUNCH BAG RED RETROSPOT'],0.03564668769716088,0.05989184317260027,0.010815682739972961,0.3034134007585335,5.066022093929164,1.0,0.008680736910791943,1.3495926534491345,0.8322742885181551,0.12765957446808512,0.2590356820301931,0.2420001541038717
['LUNCH BAG PINK POLKADOT'],['JUMBO BAG RED RETROSPOT'],0.04285714285714286,0.0740423614240649,0.01270842721946823,0.29652996845425866,4.004869141813755,1.0,0.009535183158436877,1.3162716207559257,0.7838996506827565,0.12197231833910036,0.2402783861390957,0.23408360869456696
['JUMBO STORAGE BAG SUKI'],['LUNCH BAG SUKI DESIGN '],0.03564668769716088,0.041279855790896804,0.010049571879224875,0.28192161820480405,6.829520423542141,1.0,0.008578081751662938,1.3351190740658463,0.8851287422382798,0.15026954177897572,0.2510031356568864,0.26268569993209634
['JUMBO BAG PINK POLKADOT'],['LUNCH BAG PINK POLKADOT'],0.039837764758900406,0.04285714285714286,0.011086074808472285,0.27828054298642535,6.493212669683258,1.0,0.00937874203309084,1.3261979399910435,0.8810938405075406,0.1548143486469478,0.24596474640372795,0.26847781092538936
['RETROSPOT TEA SET CERAMIC 11 PC '],['BAKING SET 9 PIECE RETROSPOT '],0.03780982424515548,0.03970256872465074,0.010500225326723749,0.2777115613825983,6.9948008479907555,1.0,0.008999078181163498,1.3295207010561352,0.8907144291519851,0.15669132481506387,0.2478492443136635,0.2710918760374966
['HEART OF WICKER SMALL'],['WHITE HANGING HEART T-LIGHT HOLDER'],0.04380351509689049,0.09071653898152321,0.012077512392969806,0.2757201646090535,3.0393593903004956,1.0,0.008103809108154999,1.2554311422016469,0.7017211519928869,0.0986382039013618,0.20346089372428497,0.20442739477347857
['JUMBO BAG PINK POLKADOT'],['LUNCH BAG RED RETROSPOT'],0.039837764758900406,0.05989184317260027,0.010770617395223073,0.2703619909502262,4.514170488476689,1.0,0.008384660235936068,1.2884583110626686,0.8107748146454905,0.1210739614994934,0.22387865294978765,0.22509822647586555
['NATURAL SLATE HEART CHALKBOARD '],['WHITE HANGING HEART T-LIGHT HOLDER'],0.04434429923388914,0.09071653898152321,0.011987381703470032,0.2703252032520325,2.979888852539792,1.0,0.007964620353410598,1.246148921507216,0.6952472665205407,0.0974002196997437,0.1975276929257373,0.2012331431063938
['LUNCH BAG  BLACK SKULL.'],['JUMBO BAG RED RETROSPOT'],0.04835511491662911,0.0740423614240649,0.012618296529968454,0.260950605778192,3.5243420220438715,1.0,0.009037969634609209,1.2529035891449918,0.7526537522240037,0.11494252873563218,0.20185399047150826,0.2156852846298142
['LUNCH BAG CARS BLUE'],['JUMBO BAG RED RETROSPOT'],0.044569625957638574,0.0740423614240649,0.011626858945470933,0.2608695652173913,3.523247505887957,1.0,0.008326818591780073,1.2527662168968536,0.7495794223542915,0.10867733782645322,0.2017664696634016,0.20894969435550026
['LUNCH BAG SUKI DESIGN '],['JUMBO BAG RED RETROSPOT'],0.041279855790896804,0.0740423614240649,0.010590356016223525,0.25655021834061137,3.4649113481303506,1.0,0.007533898014220665,1.2454878075411993,0.7420229267970693,0.10111876075731498,0.19710173480207163,0.19979062955983704
['LUNCH BAG APPLE DESIGN'],['JUMBO BAG RED RETROSPOT'],0.03956737269040108,0.0740423614240649,0.010139702568724651,0.25626423690205014,3.46104894513481,1.0,0.0072100408593813,1.2450088922965867,0.7403645311978646,0.09799651567944251,0.19679288542641224,0.19660442520695934
['JAM MAKING SET WITH JARS'],['SET OF 3 CAKE TINS PANTRY DESIGN '],0.04348805768364128,0.05488958990536277,0.011131140153222172,0.2559585492227979,4.66315287951879,1.0,0.008744098501186341,1.2702389216452994,0.8212681745134784,0.12758264462809918,0.21274652905082422,0.2293750053174745
['PARTY BUNTING'],['WHITE HANGING HEART T-LIGHT HOLDER'],0.06304641730509239,0.09071653898152321,0.012618296529968454,0.20014295925661185,2.2062455369618563,1.0,0.006898943756865661,1.1368074727121082,0.583530820341219,0.08939974457215837,0.12034357267701923,0.16961941802870334
['ASSORTED COLOUR BIRD ORNAMENT'],['WHITE HANGING HEART T-LIGHT HOLDER'],0.06241550247859396,0.09071653898152321,0.012212708427219469,0.1956678700361011,2.1569150700949247,1.0,0.006550590063568742,1.1304825794529536,0.5720816472764584,0.08666453469779342,0.11542201695500239,0.16514640396986374
['SET OF 3 CAKE TINS PANTRY DESIGN '],['REGENCY CAKESTAND 3 TIER'],0.05488958990536277,0.08490310950878774,0.010184767913474538,0.18555008210180626,2.185433291846646,1.0,0.005524471050847073,1.1235766256232829,0.5739274785259403,0.07858136300417246,0.10998504490490894,0.15275380962839782
['LUNCH BAG RED RETROSPOT'],['WHITE HANGING HEART T-LIGHT HOLDER'],0.05989184317260027,0.09071653898152321,0.010229833258224425,0.1708051166290444,1.8828442811716322,1.0,0.004796652532381958,1.096585952534987,0.498760307105116,0.07287319422150883,0.08807877969958346,0.14178606551770154
['ASSORTED COLOUR BIRD ORNAMENT'],['REGENCY CAKESTAND 3 TIER'],0.06241550247859396,0.08490310950878774,0.010410094637223975,0.16678700361010831,1.9644392834969764,1.0,0.0051108243952379,1.09827486423772,0.5236316195220305,0.07603686635944701,0.08948111937891774,0.1446992342891306
['PARTY BUNTING'],['REGENCY CAKESTAND 3 TIER'],0.06304641730509239,0.08490310950878774,0.010455159981973862,0.1658327376697641,1.9531998136369777,1.0,0.005102323109382872,1.097018465978754,0.520857831389245,0.07604064241232382,0.08843831620664168,0.14448749410027484
['JUMBO BAG RED RETROSPOT'],['WHITE HANGING HEART T-LIGHT HOLDER'],0.0740423614240649,0.09071653898152321,0.011446597566471383,0.15459525258673157,1.704157304967498,1.0,0.00472973080006117,1.075559918252957,0.44624040369899004,0.07466196355085243,0.07025170515436256,0.14038754184229774
['REGENCY CAKESTAND 3 TIER'],['WHITE HANGING HEART T-LIGHT HOLDER'],0.08490310950878774,0.09071653898152321,0.010770617395223073,0.12685774946921444,1.3983971488931288,1.0,0.003068501151816596,1.0413921219202495,0.31132830867641403,0.06533624931656642,0.039746912857306256,0.12279300786923215
